#group,false,false,true,true,false,false,true,true,true,true
#datatype,string,long,dateTime:RFC3339,dateTime:RFC3339,dateTime:RFC3339,long,string,string,string,string
#default,last,,,,,,,,,
,result,table,_start,_stop,_time,_value,_field,_measurement,deployment,namespace
,,0,2026-02-12T02:55:02Z,2026-02-12T04:05:02Z,2026-02-12T02:55:08.028Z,1,desired_replicas,monitoring_cluster,hpa-flask-app,default
,,0,2026-02-12T02:55:02Z,2026-02-12T04:05:02Z,2026-02-12T02:55:19.695Z,1,desired_replicas,monitoring_cluster,hpa-flask-app,default
,,0,2026-02-12T02:55:02Z,2026-02-12T04:05:02Z,2026-02-12T02:55:31.362Z,1,desired_replicas,monitoring_cluster,hpa-flask-app,default
,,0,2026-02-12T02:55:02Z,2026-02-12T04:05:02Z,2026-02-12T02:55:43.029Z,1,desired_replicas,monitoring_cluster,hpa-flask-app,default
,,0,2026-02-12T02:55:02Z,2026-02-12T04:05:02Z,2026-02-12T02:55:54.696Z,1,desired_replicas,monitoring_cluster,hpa-flask-app,default
,,0,2026-02-12T02:55:02Z,2026-02-12T04:05:02Z,2026-02-12T02:56:06.363Z,1,desired_replicas,monitoring_cluster,hpa-flask-app,default
,,0,2026-02-12T02:55:02Z,2026-02-12T04:05:02Z,2026-02-12T02:56:18.03Z,1,desired_replicas,monitoring_cluster,hpa-flask-app,default
,,0,2026-02-12T02:55:02Z,2026-02-12T04:05:02Z,2026-02-12T02:56:29.697Z,1,desired_replicas,monitoring_cluster,hpa-flask-app,default
,,0,2026-02-12T02:55:02Z,2026-02-12T04:05:02Z,2026-02-12T02:56:41.364Z,1,desired_replicas,monitoring_cluster,hpa-flask-app,default
,,0,2026-02-12T02:55:02Z,2026-02-12T04:05:02Z,2026-02-12T02:56:53.031Z,1,desired_replicas,monitoring_cluster,hpa-flask-app,default
,,0,2026-02-12T02:55:02Z,2026-02-12T04:05:02Z,2026-02-12T02:57:04.698Z,1,desired_replicas,monitoring_cluster,hpa-flask-app,default
,,0,2026-02-12T02:55:02Z,2026-02-12T04:05:02Z,2026-02-12T02:57:16.365Z,1,desired_replicas,monitoring_cluster,hpa-flask-app,default
,,0,2026-02-12T02:55:02Z,2026-02-12T04:05:02Z,2026-02-12T02:57:28.032Z,1,desired_replicas,monitoring_cluster,hpa-flask-app,default
,,0,2026-02-12T02:55:02Z,2026-02-12T04:05:02Z,2026-02-12T02:57:39.699Z,1,desired_replicas,monitoring_cluster,hpa-flask-app,default
,,0,2026-02-12T02:55:02Z,2026-02-12T04:05:02Z,2026-02-12T02:57:51.366Z,1,desired_replicas,monitoring_cluster,hpa-flask-app,default
,,0,2026-02-12T02:55:02Z,2026-02-12T04:05:02Z,2026-02-12T02:58:03.033Z,1,desired_replicas,monitoring_cluster,hpa-flask-app,default
,,0,2026-02-12T02:55:02Z,2026-02-12T04:05:02Z,2026-02-12T02:58:14.7Z,1,desired_replicas,monitoring_cluster,hpa-flask-app,default
,,0,2026-02-12T02:55:02Z,2026-02-12T04:05:02Z,2026-02-12T02:58:26.367Z,1,desired_replicas,monitoring_cluster,hpa-flask-app,default
,,0,2026-02-12T02:55:02Z,2026-02-12T04:05:02Z,2026-02-12T02:58:38.034Z,1,desired_replicas,monitoring_cluster,hpa-flask-app,default
,,0,2026-02-12T02:55:02Z,2026-02-12T04:05:02Z,2026-02-12T02:58:49.701Z,1,desired_replicas,monitoring_cluster,hpa-flask-app,default
,,0,2026-02-12T02:55:02Z,2026-02-12T04:05:02Z,2026-02-12T02:59:01.368Z,1,desired_replicas,monitoring_cluster,hpa-flask-app,default
,,0,2026-02-12T02:55:02Z,2026-02-12T04:05:02Z,2026-02-12T02:59:13.035Z,1,desired_replicas,monitoring_cluster,hpa-flask-app,default
,,0,2026-02-12T02:55:02Z,2026-02-12T04:05:02Z,2026-02-12T02:59:24.702Z,1,desired_replicas,monitoring_cluster,hpa-flask-app,default
,,0,2026-02-12T02:55:02Z,2026-02-12T04:05:02Z,2026-02-12T02:59:36.369Z,1,desired_replicas,monitoring_cluster,hpa-flask-app,default
,,0,2026-02-12T02:55:02Z,2026-02-12T04:05:02Z,2026-02-12T02:59:48.036Z,1,desired_replicas,monitoring_cluster,hpa-flask-app,default
,,0,2026-02-12T02:55:02Z,2026-02-12T04:05:02Z,2026-02-12T02:59:59.703Z,1,desired_replicas,monitoring_cluster,hpa-flask-app,default
,,0,2026-02-12T02:55:02Z,2026-02-12T04:05:02Z,2026-02-12T03:00:11.37Z,1,desired_replicas,monitoring_cluster,hpa-flask-app,default
,,0,2026-02-12T02:55:02Z,2026-02-12T04:05:02Z,2026-02-12T03:00:23.037Z,1,desired_replicas,monitoring_cluster,hpa-flask-app,default
,,0,2026-02-12T02:55:02Z,2026-02-12T04:05:02Z,2026-02-12T03:00:34.704Z,1,desired_replicas,monitoring_cluster,hpa-flask-app,default
,,0,2026-02-12T02:55:02Z,2026-02-12T04:05:02Z,2026-02-12T03:00:46.371Z,1,desired_replicas,monitoring_cluster,hpa-flask-app,default
,,0,2026-02-12T02:55:02Z,2026-02-12T04:05:02Z,2026-02-12T03:00:58.038Z,1,desired_replicas,monitoring_cluster,hpa-flask-app,default
,,0,2026-02-12T02:55:02Z,2026-02-12T04:05:02Z,2026-02-12T03:01:09.705Z,1,desired_replicas,monitoring_cluster,hpa-flask-app,default
,,0,2026-02-12T02:55:02Z,2026-02-12T04:05:02Z,2026-02-12T03:01:21.372Z,1,desired_replicas,monitoring_cluster,hpa-flask-app,default
,,0,2026-02-12T02:55:02Z,2026-02-12T04:05:02Z,2026-02-12T03:01:33.039Z,1,desired_replicas,monitoring_cluster,hpa-flask-app,default
,,0,2026-02-12T02:55:02Z,2026-02-12T04:05:02Z,2026-02-12T03:01:44.706Z,1,desired_replicas,monitoring_cluster,hpa-flask-app,default
,,0,2026-02-12T02:55:02Z,2026-02-12T04:05:02Z,2026-02-12T03:01:56.373Z,1,desired_replicas,monitoring_cluster,hpa-flask-app,default
,,0,2026-02-12T02:55:02Z,2026-02-12T04:05:02Z,2026-02-12T03:02:08.04Z,1,desired_replicas,monitoring_cluster,hpa-flask-app,default
,,0,2026-02-12T02:55:02Z,2026-02-12T04:05:02Z,2026-02-12T03:02:19.707Z,1,desired_replicas,monitoring_cluster,hpa-flask-app,default
,,0,2026-02-12T02:55:02Z,2026-02-12T04:05:02Z,2026-02-12T03:02:31.374Z,1,desired_replicas,monitoring_cluster,hpa-flask-app,default
,,0,2026-02-12T02:55:02Z,2026-02-12T04:05:02Z,2026-02-12T03:02:43.041Z,1,desired_replicas,monitoring_cluster,hpa-flask-app,default
,,0,2026-02-12T02:55:02Z,2026-02-12T04:05:02Z,2026-02-12T03:02:54.708Z,1,desired_replicas,monitoring_cluster,hpa-flask-app,default
,,0,2026-02-12T02:55:02Z,2026-02-12T04:05:02Z,2026-02-12T03:03:06.375Z,1,desired_replicas,monitoring_cluster,hpa-flask-app,default
,,0,2026-02-12T02:55:02Z,2026-02-12T04:05:02Z,2026-02-12T03:03:18.042Z,1,desired_replicas,monitoring_cluster,hpa-flask-app,default
,,0,2026-02-12T02:55:02Z,2026-02-12T04:05:02Z,2026-02-12T03:03:29.709Z,1,desired_replicas,monitoring_cluster,hpa-flask-app,default
,,0,2026-02-12T02:55:02Z,2026-02-12T04:05:02Z,2026-02-12T03:03:41.376Z,1,desired_replicas,monitoring_cluster,hpa-flask-app,default
,,0,2026-02-12T02:55:02Z,2026-02-12T04:05:02Z,2026-02-12T03:03:53.043Z,1,desired_replicas,monitoring_cluster,hpa-flask-app,default
,,0,2026-02-12T02:55:02Z,2026-02-12T04:05:02Z,2026-02-12T03:04:04.71Z,1,desired_replicas,monitoring_cluster,hpa-flask-app,default
,,0,2026-02-12T02:55:02Z,2026-02-12T04:05:02Z,2026-02-12T03:04:16.377Z,1,desired_replicas,monitoring_cluster,hpa-flask-app,default
,,0,2026-02-12T02:55:02Z,2026-02-12T04:05:02Z,2026-02-12T03:04:28.044Z,1,desired_replicas,monitoring_cluster,hpa-flask-app,default
,,0,2026-02-12T02:55:02Z,2026-02-12T04:05:02Z,2026-02-12T03:04:39.711Z,1,desired_replicas,monitoring_cluster,hpa-flask-app,default
,,0,2026-02-12T02:55:02Z,2026-02-12T04:05:02Z,2026-02-12T03:04:51.378Z,1,desired_replicas,monitoring_cluster,hpa-flask-app,default
,,0,2026-02-12T02:55:02Z,2026-02-12T04:05:02Z,2026-02-12T03:05:03.045Z,1,desired_replicas,monitoring_cluster,hpa-flask-app,default
,,0,2026-02-12T02:55:02Z,2026-02-12T04:05:02Z,2026-02-12T03:05:14.712Z,1,desired_replicas,monitoring_cluster,hpa-flask-app,default
,,0,2026-02-12T02:55:02Z,2026-02-12T04:05:02Z,2026-02-12T03:05:26.379Z,2,desired_replicas,monitoring_cluster,hpa-flask-app,default
,,0,2026-02-12T02:55:02Z,2026-02-12T04:05:02Z,2026-02-12T03:05:38.046Z,2,desired_replicas,monitoring_cluster,hpa-flask-app,default
,,0,2026-02-12T02:55:02Z,2026-02-12T04:05:02Z,2026-02-12T03:05:49.713Z,2,desired_replicas,monitoring_cluster,hpa-flask-app,default
,,0,2026-02-12T02:55:02Z,2026-02-12T04:05:02Z,2026-02-12T03:06:01.38Z,2,desired_replicas,monitoring_cluster,hpa-flask-app,default
,,0,2026-02-12T02:55:02Z,2026-02-12T04:05:02Z,2026-02-12T03:06:13.047Z,2,desired_replicas,monitoring_cluster,hpa-flask-app,default
,,0,2026-02-12T02:55:02Z,2026-02-12T04:05:02Z,2026-02-12T03:06:24.714Z,2,desired_replicas,monitoring_cluster,hpa-flask-app,default
,,0,2026-02-12T02:55:02Z,2026-02-12T04:05:02Z,2026-02-12T03:06:36.381Z,2,desired_replicas,monitoring_cluster,hpa-flask-app,default
,,0,2026-02-12T02:55:02Z,2026-02-12T04:05:02Z,2026-02-12T03:06:48.048Z,2,desired_replicas,monitoring_cluster,hpa-flask-app,default
,,0,2026-02-12T02:55:02Z,2026-02-12T04:05:02Z,2026-02-12T03:06:59.715Z,2,desired_replicas,monitoring_cluster,hpa-flask-app,default
,,0,2026-02-12T02:55:02Z,2026-02-12T04:05:02Z,2026-02-12T03:07:11.382Z,2,desired_replicas,monitoring_cluster,hpa-flask-app,default
,,0,2026-02-12T02:55:02Z,2026-02-12T04:05:02Z,2026-02-12T03:07:23.049Z,2,desired_replicas,monitoring_cluster,hpa-flask-app,default
,,0,2026-02-12T02:55:02Z,2026-02-12T04:05:02Z,2026-02-12T03:07:34.716Z,2,desired_replicas,monitoring_cluster,hpa-flask-app,default
,,0,2026-02-12T02:55:02Z,2026-02-12T04:05:02Z,2026-02-12T03:07:46.383Z,2,desired_replicas,monitoring_cluster,hpa-flask-app,default
,,0,2026-02-12T02:55:02Z,2026-02-12T04:05:02Z,2026-02-12T03:07:58.05Z,2,desired_replicas,monitoring_cluster,hpa-flask-app,default
,,0,2026-02-12T02:55:02Z,2026-02-12T04:05:02Z,2026-02-12T03:08:09.717Z,2,desired_replicas,monitoring_cluster,hpa-flask-app,default
,,0,2026-02-12T02:55:02Z,2026-02-12T04:05:02Z,2026-02-12T03:08:21.384Z,2,desired_replicas,monitoring_cluster,hpa-flask-app,default
,,0,2026-02-12T02:55:02Z,2026-02-12T04:05:02Z,2026-02-12T03:08:33.051Z,2,desired_replicas,monitoring_cluster,hpa-flask-app,default
,,0,2026-02-12T02:55:02Z,2026-02-12T04:05:02Z,2026-02-12T03:08:44.718Z,2,desired_replicas,monitoring_cluster,hpa-flask-app,default
,,0,2026-02-12T02:55:02Z,2026-02-12T04:05:02Z,2026-02-12T03:08:56.385Z,2,desired_replicas,monitoring_cluster,hpa-flask-app,default
,,0,2026-02-12T02:55:02Z,2026-02-12T04:05:02Z,2026-02-12T03:09:08.052Z,2,desired_replicas,monitoring_cluster,hpa-flask-app,default
,,0,2026-02-12T02:55:02Z,2026-02-12T04:05:02Z,2026-02-12T03:09:19.719Z,2,desired_replicas,monitoring_cluster,hpa-flask-app,default
,,0,2026-02-12T02:55:02Z,2026-02-12T04:05:02Z,2026-02-12T03:09:31.386Z,2,desired_replicas,monitoring_cluster,hpa-flask-app,default
,,0,2026-02-12T02:55:02Z,2026-02-12T04:05:02Z,2026-02-12T03:09:43.053Z,2,desired_replicas,monitoring_cluster,hpa-flask-app,default
,,0,2026-02-12T02:55:02Z,2026-02-12T04:05:02Z,2026-02-12T03:09:54.72Z,2,desired_replicas,monitoring_cluster,hpa-flask-app,default
,,0,2026-02-12T02:55:02Z,2026-02-12T04:05:02Z,2026-02-12T03:10:06.387Z,2,desired_replicas,monitoring_cluster,hpa-flask-app,default
,,0,2026-02-12T02:55:02Z,2026-02-12T04:05:02Z,2026-02-12T03:10:18.054Z,2,desired_replicas,monitoring_cluster,hpa-flask-app,default
,,0,2026-02-12T02:55:02Z,2026-02-12T04:05:02Z,2026-02-12T03:10:29.721Z,2,desired_replicas,monitoring_cluster,hpa-flask-app,default
,,0,2026-02-12T02:55:02Z,2026-02-12T04:05:02Z,2026-02-12T03:10:41.388Z,2,desired_replicas,monitoring_cluster,hpa-flask-app,default
,,0,2026-02-12T02:55:02Z,2026-02-12T04:05:02Z,2026-02-12T03:10:53.055Z,2,desired_replicas,monitoring_cluster,hpa-flask-app,default
,,0,2026-02-12T02:55:02Z,2026-02-12T04:05:02Z,2026-02-12T03:11:04.722Z,2,desired_replicas,monitoring_cluster,hpa-flask-app,default
,,0,2026-02-12T02:55:02Z,2026-02-12T04:05:02Z,2026-02-12T03:11:16.389Z,2,desired_replicas,monitoring_cluster,hpa-flask-app,default
,,0,2026-02-12T02:55:02Z,2026-02-12T04:05:02Z,2026-02-12T03:11:28.056Z,2,desired_replicas,monitoring_cluster,hpa-flask-app,default
,,0,2026-02-12T02:55:02Z,2026-02-12T04:05:02Z,2026-02-12T03:11:39.723Z,2,desired_replicas,monitoring_cluster,hpa-flask-app,default
,,0,2026-02-12T02:55:02Z,2026-02-12T04:05:02Z,2026-02-12T03:11:51.39Z,2,desired_replicas,monitoring_cluster,hpa-flask-app,default
,,0,2026-02-12T02:55:02Z,2026-02-12T04:05:02Z,2026-02-12T03:12:03.057Z,2,desired_replicas,monitoring_cluster,hpa-flask-app,default
,,0,2026-02-12T02:55:02Z,2026-02-12T04:05:02Z,2026-02-12T03:12:14.724Z,2,desired_replicas,monitoring_cluster,hpa-flask-app,default
,,0,2026-02-12T02:55:02Z,2026-02-12T04:05:02Z,2026-02-12T03:12:26.391Z,2,desired_replicas,monitoring_cluster,hpa-flask-app,default
,,0,2026-02-12T02:55:02Z,2026-02-12T04:05:02Z,2026-02-12T03:12:38.058Z,2,desired_replicas,monitoring_cluster,hpa-flask-app,default
,,0,2026-02-12T02:55:02Z,2026-02-12T04:05:02Z,2026-02-12T03:12:49.725Z,2,desired_replicas,monitoring_cluster,hpa-flask-app,default
,,0,2026-02-12T02:55:02Z,2026-02-12T04:05:02Z,2026-02-12T03:13:01.392Z,3,desired_replicas,monitoring_cluster,hpa-flask-app,default
,,0,2026-02-12T02:55:02Z,2026-02-12T04:05:02Z,2026-02-12T03:13:13.059Z,3,desired_replicas,monitoring_cluster,hpa-flask-app,default
,,0,2026-02-12T02:55:02Z,2026-02-12T04:05:02Z,2026-02-12T03:13:24.726Z,3,desired_replicas,monitoring_cluster,hpa-flask-app,default
,,0,2026-02-12T02:55:02Z,2026-02-12T04:05:02Z,2026-02-12T03:13:36.393Z,3,desired_replicas,monitoring_cluster,hpa-flask-app,default
,,0,2026-02-12T02:55:02Z,2026-02-12T04:05:02Z,2026-02-12T03:13:48.06Z,3,desired_replicas,monitoring_cluster,hpa-flask-app,default
,,0,2026-02-12T02:55:02Z,2026-02-12T04:05:02Z,2026-02-12T03:13:59.727Z,3,desired_replicas,monitoring_cluster,hpa-flask-app,default
,,0,2026-02-12T02:55:02Z,2026-02-12T04:05:02Z,2026-02-12T03:14:11.394Z,3,desired_replicas,monitoring_cluster,hpa-flask-app,default
,,0,2026-02-12T02:55:02Z,2026-02-12T04:05:02Z,2026-02-12T03:14:23.061Z,3,desired_replicas,monitoring_cluster,hpa-flask-app,default
,,0,2026-02-12T02:55:02Z,2026-02-12T04:05:02Z,2026-02-12T03:14:34.728Z,3,desired_replicas,monitoring_cluster,hpa-flask-app,default
,,0,2026-02-12T02:55:02Z,2026-02-12T04:05:02Z,2026-02-12T03:14:46.395Z,3,desired_replicas,monitoring_cluster,hpa-flask-app,default
,,0,2026-02-12T02:55:02Z,2026-02-12T04:05:02Z,2026-02-12T03:14:58.062Z,3,desired_replicas,monitoring_cluster,hpa-flask-app,default
,,0,2026-02-12T02:55:02Z,2026-02-12T04:05:02Z,2026-02-12T03:15:09.729Z,3,desired_replicas,monitoring_cluster,hpa-flask-app,default
,,0,2026-02-12T02:55:02Z,2026-02-12T04:05:02Z,2026-02-12T03:15:21.396Z,3,desired_replicas,monitoring_cluster,hpa-flask-app,default
,,0,2026-02-12T02:55:02Z,2026-02-12T04:05:02Z,2026-02-12T03:15:33.063Z,3,desired_replicas,monitoring_cluster,hpa-flask-app,default
,,0,2026-02-12T02:55:02Z,2026-02-12T04:05:02Z,2026-02-12T03:15:44.73Z,3,desired_replicas,monitoring_cluster,hpa-flask-app,default
,,0,2026-02-12T02:55:02Z,2026-02-12T04:05:02Z,2026-02-12T03:15:56.397Z,3,desired_replicas,monitoring_cluster,hpa-flask-app,default
,,0,2026-02-12T02:55:02Z,2026-02-12T04:05:02Z,2026-02-12T03:16:08.064Z,3,desired_replicas,monitoring_cluster,hpa-flask-app,default
,,0,2026-02-12T02:55:02Z,2026-02-12T04:05:02Z,2026-02-12T03:16:19.731Z,3,desired_replicas,monitoring_cluster,hpa-flask-app,default
,,0,2026-02-12T02:55:02Z,2026-02-12T04:05:02Z,2026-02-12T03:16:31.398Z,3,desired_replicas,monitoring_cluster,hpa-flask-app,default
,,0,2026-02-12T02:55:02Z,2026-02-12T04:05:02Z,2026-02-12T03:16:43.065Z,3,desired_replicas,monitoring_cluster,hpa-flask-app,default
,,0,2026-02-12T02:55:02Z,2026-02-12T04:05:02Z,2026-02-12T03:16:54.732Z,3,desired_replicas,monitoring_cluster,hpa-flask-app,default
,,0,2026-02-12T02:55:02Z,2026-02-12T04:05:02Z,2026-02-12T03:17:06.399Z,3,desired_replicas,monitoring_cluster,hpa-flask-app,default
,,0,2026-02-12T02:55:02Z,2026-02-12T04:05:02Z,2026-02-12T03:17:18.066Z,3,desired_replicas,monitoring_cluster,hpa-flask-app,default
,,0,2026-02-12T02:55:02Z,2026-02-12T04:05:02Z,2026-02-12T03:17:29.733Z,3,desired_replicas,monitoring_cluster,hpa-flask-app,default
,,0,2026-02-12T02:55:02Z,2026-02-12T04:05:02Z,2026-02-12T03:17:41.4Z,3,desired_replicas,monitoring_cluster,hpa-flask-app,default
,,0,2026-02-12T02:55:02Z,2026-02-12T04:05:02Z,2026-02-12T03:17:53.067Z,3,desired_replicas,monitoring_cluster,hpa-flask-app,default
,,0,2026-02-12T02:55:02Z,2026-02-12T04:05:02Z,2026-02-12T03:18:04.734Z,3,desired_replicas,monitoring_cluster,hpa-flask-app,default
,,0,2026-02-12T02:55:02Z,2026-02-12T04:05:02Z,2026-02-12T03:18:16.401Z,3,desired_replicas,monitoring_cluster,hpa-flask-app,default
,,0,2026-02-12T02:55:02Z,2026-02-12T04:05:02Z,2026-02-12T03:18:28.068Z,3,desired_replicas,monitoring_cluster,hpa-flask-app,default
,,0,2026-02-12T02:55:02Z,2026-02-12T04:05:02Z,2026-02-12T03:18:39.735Z,3,desired_replicas,monitoring_cluster,hpa-flask-app,default
,,0,2026-02-12T02:55:02Z,2026-02-12T04:05:02Z,2026-02-12T03:18:51.402Z,3,desired_replicas,monitoring_cluster,hpa-flask-app,default
,,0,2026-02-12T02:55:02Z,2026-02-12T04:05:02Z,2026-02-12T03:19:03.069Z,3,desired_replicas,monitoring_cluster,hpa-flask-app,default
,,0,2026-02-12T02:55:02Z,2026-02-12T04:05:02Z,2026-02-12T03:19:14.736Z,3,desired_replicas,monitoring_cluster,hpa-flask-app,default
,,0,2026-02-12T02:55:02Z,2026-02-12T04:05:02Z,2026-02-12T03:19:26.403Z,3,desired_replicas,monitoring_cluster,hpa-flask-app,default
,,0,2026-02-12T02:55:02Z,2026-02-12T04:05:02Z,2026-02-12T03:19:38.07Z,3,desired_replicas,monitoring_cluster,hpa-flask-app,default
,,0,2026-02-12T02:55:02Z,2026-02-12T04:05:02Z,2026-02-12T03:19:49.737Z,3,desired_replicas,monitoring_cluster,hpa-flask-app,default
,,0,2026-02-12T02:55:02Z,2026-02-12T04:05:02Z,2026-02-12T03:20:01.404Z,3,desired_replicas,monitoring_cluster,hpa-flask-app,default
,,0,2026-02-12T02:55:02Z,2026-02-12T04:05:02Z,2026-02-12T03:20:13.071Z,3,desired_replicas,monitoring_cluster,hpa-flask-app,default
,,0,2026-02-12T02:55:02Z,2026-02-12T04:05:02Z,2026-02-12T03:20:24.738Z,3,desired_replicas,monitoring_cluster,hpa-flask-app,default
,,0,2026-02-12T02:55:02Z,2026-02-12T04:05:02Z,2026-02-12T03:20:36.405Z,3,desired_replicas,monitoring_cluster,hpa-flask-app,default
,,0,2026-02-12T02:55:02Z,2026-02-12T04:05:02Z,2026-02-12T03:20:48.072Z,3,desired_replicas,monitoring_cluster,hpa-flask-app,default
,,0,2026-02-12T02:55:02Z,2026-02-12T04:05:02Z,2026-02-12T03:20:59.739Z,3,desired_replicas,monitoring_cluster,hpa-flask-app,default
,,0,2026-02-12T02:55:02Z,2026-02-12T04:05:02Z,2026-02-12T03:21:11.406Z,3,desired_replicas,monitoring_cluster,hpa-flask-app,default
,,0,2026-02-12T02:55:02Z,2026-02-12T04:05:02Z,2026-02-12T03:21:23.073Z,3,desired_replicas,monitoring_cluster,hpa-flask-app,default
,,0,2026-02-12T02:55:02Z,2026-02-12T04:05:02Z,2026-02-12T03:21:34.74Z,3,desired_replicas,monitoring_cluster,hpa-flask-app,default
,,0,2026-02-12T02:55:02Z,2026-02-12T04:05:02Z,2026-02-12T03:21:46.407Z,3,desired_replicas,monitoring_cluster,hpa-flask-app,default
,,0,2026-02-12T02:55:02Z,2026-02-12T04:05:02Z,2026-02-12T03:21:58.074Z,3,desired_replicas,monitoring_cluster,hpa-flask-app,default
,,0,2026-02-12T02:55:02Z,2026-02-12T04:05:02Z,2026-02-12T03:22:09.741Z,3,desired_replicas,monitoring_cluster,hpa-flask-app,default
,,0,2026-02-12T02:55:02Z,2026-02-12T04:05:02Z,2026-02-12T03:22:21.408Z,3,desired_replicas,monitoring_cluster,hpa-flask-app,default
,,0,2026-02-12T02:55:02Z,2026-02-12T04:05:02Z,2026-02-12T03:22:33.075Z,3,desired_replicas,monitoring_cluster,hpa-flask-app,default
,,0,2026-02-12T02:55:02Z,2026-02-12T04:05:02Z,2026-02-12T03:22:44.742Z,3,desired_replicas,monitoring_cluster,hpa-flask-app,default
,,0,2026-02-12T02:55:02Z,2026-02-12T04:05:02Z,2026-02-12T03:22:56.409Z,3,desired_replicas,monitoring_cluster,hpa-flask-app,default
,,0,2026-02-12T02:55:02Z,2026-02-12T04:05:02Z,2026-02-12T03:23:08.076Z,4,desired_replicas,monitoring_cluster,hpa-flask-app,default
,,0,2026-02-12T02:55:02Z,2026-02-12T04:05:02Z,2026-02-12T03:23:19.743Z,4,desired_replicas,monitoring_cluster,hpa-flask-app,default
,,0,2026-02-12T02:55:02Z,2026-02-12T04:05:02Z,2026-02-12T03:23:31.41Z,4,desired_replicas,monitoring_cluster,hpa-flask-app,default
,,0,2026-02-12T02:55:02Z,2026-02-12T04:05:02Z,2026-02-12T03:23:43.077Z,4,desired_replicas,monitoring_cluster,hpa-flask-app,default
,,0,2026-02-12T02:55:02Z,2026-02-12T04:05:02Z,2026-02-12T03:23:54.744Z,4,desired_replicas,monitoring_cluster,hpa-flask-app,default
,,0,2026-02-12T02:55:02Z,2026-02-12T04:05:02Z,2026-02-12T03:24:06.411Z,4,desired_replicas,monitoring_cluster,hpa-flask-app,default
,,0,2026-02-12T02:55:02Z,2026-02-12T04:05:02Z,2026-02-12T03:24:18.078Z,4,desired_replicas,monitoring_cluster,hpa-flask-app,default
,,0,2026-02-12T02:55:02Z,2026-02-12T04:05:02Z,2026-02-12T03:24:29.745Z,4,desired_replicas,monitoring_cluster,hpa-flask-app,default
,,0,2026-02-12T02:55:02Z,2026-02-12T04:05:02Z,2026-02-12T03:24:41.412Z,4,desired_replicas,monitoring_cluster,hpa-flask-app,default
,,0,2026-02-12T02:55:02Z,2026-02-12T04:05:02Z,2026-02-12T03:24:53.079Z,4,desired_replicas,monitoring_cluster,hpa-flask-app,default
,,0,2026-02-12T02:55:02Z,2026-02-12T04:05:02Z,2026-02-12T03:25:04.746Z,4,desired_replicas,monitoring_cluster,hpa-flask-app,default
,,0,2026-02-12T02:55:02Z,2026-02-12T04:05:02Z,2026-02-12T03:25:16.413Z,4,desired_replicas,monitoring_cluster,hpa-flask-app,default
,,0,2026-02-12T02:55:02Z,2026-02-12T04:05:02Z,2026-02-12T03:25:28.08Z,5,desired_replicas,monitoring_cluster,hpa-flask-app,default
,,0,2026-02-12T02:55:02Z,2026-02-12T04:05:02Z,2026-02-12T03:25:39.747Z,5,desired_replicas,monitoring_cluster,hpa-flask-app,default
,,0,2026-02-12T02:55:02Z,2026-02-12T04:05:02Z,2026-02-12T03:25:51.414Z,5,desired_replicas,monitoring_cluster,hpa-flask-app,default
,,0,2026-02-12T02:55:02Z,2026-02-12T04:05:02Z,2026-02-12T03:26:03.081Z,5,desired_replicas,monitoring_cluster,hpa-flask-app,default
,,0,2026-02-12T02:55:02Z,2026-02-12T04:05:02Z,2026-02-12T03:26:14.748Z,5,desired_replicas,monitoring_cluster,hpa-flask-app,default
,,0,2026-02-12T02:55:02Z,2026-02-12T04:05:02Z,2026-02-12T03:26:26.415Z,5,desired_replicas,monitoring_cluster,hpa-flask-app,default
,,0,2026-02-12T02:55:02Z,2026-02-12T04:05:02Z,2026-02-12T03:26:38.082Z,5,desired_replicas,monitoring_cluster,hpa-flask-app,default
,,0,2026-02-12T02:55:02Z,2026-02-12T04:05:02Z,2026-02-12T03:26:49.749Z,5,desired_replicas,monitoring_cluster,hpa-flask-app,default
,,0,2026-02-12T02:55:02Z,2026-02-12T04:05:02Z,2026-02-12T03:27:01.416Z,5,desired_replicas,monitoring_cluster,hpa-flask-app,default
,,0,2026-02-12T02:55:02Z,2026-02-12T04:05:02Z,2026-02-12T03:27:13.083Z,5,desired_replicas,monitoring_cluster,hpa-flask-app,default
,,0,2026-02-12T02:55:02Z,2026-02-12T04:05:02Z,2026-02-12T03:27:24.75Z,5,desired_replicas,monitoring_cluster,hpa-flask-app,default
,,0,2026-02-12T02:55:02Z,2026-02-12T04:05:02Z,2026-02-12T03:27:36.417Z,5,desired_replicas,monitoring_cluster,hpa-flask-app,default
,,0,2026-02-12T02:55:02Z,2026-02-12T04:05:02Z,2026-02-12T03:27:48.084Z,5,desired_replicas,monitoring_cluster,hpa-flask-app,default
,,0,2026-02-12T02:55:02Z,2026-02-12T04:05:02Z,2026-02-12T03:27:59.751Z,5,desired_replicas,monitoring_cluster,hpa-flask-app,default
,,0,2026-02-12T02:55:02Z,2026-02-12T04:05:02Z,2026-02-12T03:28:11.418Z,5,desired_replicas,monitoring_cluster,hpa-flask-app,default
,,0,2026-02-12T02:55:02Z,2026-02-12T04:05:02Z,2026-02-12T03:28:23.085Z,5,desired_replicas,monitoring_cluster,hpa-flask-app,default
,,0,2026-02-12T02:55:02Z,2026-02-12T04:05:02Z,2026-02-12T03:28:34.752Z,5,desired_replicas,monitoring_cluster,hpa-flask-app,default
,,0,2026-02-12T02:55:02Z,2026-02-12T04:05:02Z,2026-02-12T03:28:46.419Z,5,desired_replicas,monitoring_cluster,hpa-flask-app,default
,,0,2026-02-12T02:55:02Z,2026-02-12T04:05:02Z,2026-02-12T03:28:58.086Z,6,desired_replicas,monitoring_cluster,hpa-flask-app,default
,,0,2026-02-12T02:55:02Z,2026-02-12T04:05:02Z,2026-02-12T03:29:09.753Z,6,desired_replicas,monitoring_cluster,hpa-flask-app,default
,,0,2026-02-12T02:55:02Z,2026-02-12T04:05:02Z,2026-02-12T03:29:21.42Z,6,desired_replicas,monitoring_cluster,hpa-flask-app,default
,,0,2026-02-12T02:55:02Z,2026-02-12T04:05:02Z,2026-02-12T03:29:33.087Z,6,desired_replicas,monitoring_cluster,hpa-flask-app,default
,,0,2026-02-12T02:55:02Z,2026-02-12T04:05:02Z,2026-02-12T03:29:44.754Z,6,desired_replicas,monitoring_cluster,hpa-flask-app,default
,,0,2026-02-12T02:55:02Z,2026-02-12T04:05:02Z,2026-02-12T03:29:56.421Z,6,desired_replicas,monitoring_cluster,hpa-flask-app,default
,,0,2026-02-12T02:55:02Z,2026-02-12T04:05:02Z,2026-02-12T03:30:08.088Z,6,desired_replicas,monitoring_cluster,hpa-flask-app,default
,,0,2026-02-12T02:55:02Z,2026-02-12T04:05:02Z,2026-02-12T03:30:19.755Z,6,desired_replicas,monitoring_cluster,hpa-flask-app,default
,,0,2026-02-12T02:55:02Z,2026-02-12T04:05:02Z,2026-02-12T03:30:31.422Z,6,desired_replicas,monitoring_cluster,hpa-flask-app,default
,,0,2026-02-12T02:55:02Z,2026-02-12T04:05:02Z,2026-02-12T03:30:43.089Z,6,desired_replicas,monitoring_cluster,hpa-flask-app,default
,,0,2026-02-12T02:55:02Z,2026-02-12T04:05:02Z,2026-02-12T03:30:54.756Z,6,desired_replicas,monitoring_cluster,hpa-flask-app,default
,,0,2026-02-12T02:55:02Z,2026-02-12T04:05:02Z,2026-02-12T03:31:06.423Z,6,desired_replicas,monitoring_cluster,hpa-flask-app,default
,,0,2026-02-12T02:55:02Z,2026-02-12T04:05:02Z,2026-02-12T03:31:18.09Z,6,desired_replicas,monitoring_cluster,hpa-flask-app,default
,,0,2026-02-12T02:55:02Z,2026-02-12T04:05:02Z,2026-02-12T03:31:29.757Z,6,desired_replicas,monitoring_cluster,hpa-flask-app,default
,,0,2026-02-12T02:55:02Z,2026-02-12T04:05:02Z,2026-02-12T03:31:41.424Z,6,desired_replicas,monitoring_cluster,hpa-flask-app,default
,,0,2026-02-12T02:55:02Z,2026-02-12T04:05:02Z,2026-02-12T03:31:53.091Z,6,desired_replicas,monitoring_cluster,hpa-flask-app,default
,,0,2026-02-12T02:55:02Z,2026-02-12T04:05:02Z,2026-02-12T03:32:04.758Z,6,desired_replicas,monitoring_cluster,hpa-flask-app,default
,,0,2026-02-12T02:55:02Z,2026-02-12T04:05:02Z,2026-02-12T03:32:16.425Z,6,desired_replicas,monitoring_cluster,hpa-flask-app,default
,,0,2026-02-12T02:55:02Z,2026-02-12T04:05:02Z,2026-02-12T03:32:28.092Z,6,desired_replicas,monitoring_cluster,hpa-flask-app,default
,,0,2026-02-12T02:55:02Z,2026-02-12T04:05:02Z,2026-02-12T03:32:39.759Z,6,desired_replicas,monitoring_cluster,hpa-flask-app,default
,,0,2026-02-12T02:55:02Z,2026-02-12T04:05:02Z,2026-02-12T03:32:51.426Z,6,desired_replicas,monitoring_cluster,hpa-flask-app,default
,,0,2026-02-12T02:55:02Z,2026-02-12T04:05:02Z,2026-02-12T03:33:03.093Z,6,desired_replicas,monitoring_cluster,hpa-flask-app,default
,,0,2026-02-12T02:55:02Z,2026-02-12T04:05:02Z,2026-02-12T03:33:14.76Z,6,desired_replicas,monitoring_cluster,hpa-flask-app,default
,,0,2026-02-12T02:55:02Z,2026-02-12T04:05:02Z,2026-02-12T03:33:26.427Z,6,desired_replicas,monitoring_cluster,hpa-flask-app,default
,,0,2026-02-12T02:55:02Z,2026-02-12T04:05:02Z,2026-02-12T03:33:38.094Z,6,desired_replicas,monitoring_cluster,hpa-flask-app,default
,,0,2026-02-12T02:55:02Z,2026-02-12T04:05:02Z,2026-02-12T03:33:49.761Z,6,desired_replicas,monitoring_cluster,hpa-flask-app,default
,,0,2026-02-12T02:55:02Z,2026-02-12T04:05:02Z,2026-02-12T03:34:01.428Z,6,desired_replicas,monitoring_cluster,hpa-flask-app,default
,,0,2026-02-12T02:55:02Z,2026-02-12T04:05:02Z,2026-02-12T03:34:13.095Z,6,desired_replicas,monitoring_cluster,hpa-flask-app,default
,,0,2026-02-12T02:55:02Z,2026-02-12T04:05:02Z,2026-02-12T03:34:24.762Z,6,desired_replicas,monitoring_cluster,hpa-flask-app,default
,,0,2026-02-12T02:55:02Z,2026-02-12T04:05:02Z,2026-02-12T03:34:36.429Z,6,desired_replicas,monitoring_cluster,hpa-flask-app,default
,,0,2026-02-12T02:55:02Z,2026-02-12T04:05:02Z,2026-02-12T03:34:48.096Z,6,desired_replicas,monitoring_cluster,hpa-flask-app,default
,,0,2026-02-12T02:55:02Z,2026-02-12T04:05:02Z,2026-02-12T03:34:59.763Z,5,desired_replicas,monitoring_cluster,hpa-flask-app,default
,,0,2026-02-12T02:55:02Z,2026-02-12T04:05:02Z,2026-02-12T03:35:11.43Z,5,desired_replicas,monitoring_cluster,hpa-flask-app,default
,,0,2026-02-12T02:55:02Z,2026-02-12T04:05:02Z,2026-02-12T03:35:23.097Z,5,desired_replicas,monitoring_cluster,hpa-flask-app,default
,,0,2026-02-12T02:55:02Z,2026-02-12T04:05:02Z,2026-02-12T03:35:34.764Z,5,desired_replicas,monitoring_cluster,hpa-flask-app,default
,,0,2026-02-12T02:55:02Z,2026-02-12T04:05:02Z,2026-02-12T03:35:46.431Z,5,desired_replicas,monitoring_cluster,hpa-flask-app,default
,,0,2026-02-12T02:55:02Z,2026-02-12T04:05:02Z,2026-02-12T03:35:58.098Z,4,desired_replicas,monitoring_cluster,hpa-flask-app,default
,,0,2026-02-12T02:55:02Z,2026-02-12T04:05:02Z,2026-02-12T03:36:09.765Z,4,desired_replicas,monitoring_cluster,hpa-flask-app,default
,,0,2026-02-12T02:55:02Z,2026-02-12T04:05:02Z,2026-02-12T03:36:21.432Z,4,desired_replicas,monitoring_cluster,hpa-flask-app,default
,,0,2026-02-12T02:55:02Z,2026-02-12T04:05:02Z,2026-02-12T03:36:33.099Z,4,desired_replicas,monitoring_cluster,hpa-flask-app,default
,,0,2026-02-12T02:55:02Z,2026-02-12T04:05:02Z,2026-02-12T03:36:44.766Z,4,desired_replicas,monitoring_cluster,hpa-flask-app,default
,,0,2026-02-12T02:55:02Z,2026-02-12T04:05:02Z,2026-02-12T03:36:56.433Z,4,desired_replicas,monitoring_cluster,hpa-flask-app,default
,,0,2026-02-12T02:55:02Z,2026-02-12T04:05:02Z,2026-02-12T03:37:08.1Z,4,desired_replicas,monitoring_cluster,hpa-flask-app,default
,,0,2026-02-12T02:55:02Z,2026-02-12T04:05:02Z,2026-02-12T03:37:19.767Z,4,desired_replicas,monitoring_cluster,hpa-flask-app,default
,,0,2026-02-12T02:55:02Z,2026-02-12T04:05:02Z,2026-02-12T03:37:31.434Z,3,desired_replicas,monitoring_cluster,hpa-flask-app,default
,,0,2026-02-12T02:55:02Z,2026-02-12T04:05:02Z,2026-02-12T03:37:43.101Z,3,desired_replicas,monitoring_cluster,hpa-flask-app,default
,,0,2026-02-12T02:55:02Z,2026-02-12T04:05:02Z,2026-02-12T03:37:54.768Z,3,desired_replicas,monitoring_cluster,hpa-flask-app,default
,,0,2026-02-12T02:55:02Z,2026-02-12T04:05:02Z,2026-02-12T03:38:06.435Z,3,desired_replicas,monitoring_cluster,hpa-flask-app,default
,,0,2026-02-12T02:55:02Z,2026-02-12T04:05:02Z,2026-02-12T03:38:18.102Z,3,desired_replicas,monitoring_cluster,hpa-flask-app,default
,,0,2026-02-12T02:55:02Z,2026-02-12T04:05:02Z,2026-02-12T03:38:29.769Z,3,desired_replicas,monitoring_cluster,hpa-flask-app,default
,,0,2026-02-12T02:55:02Z,2026-02-12T04:05:02Z,2026-02-12T03:38:41.436Z,3,desired_replicas,monitoring_cluster,hpa-flask-app,default
,,0,2026-02-12T02:55:02Z,2026-02-12T04:05:02Z,2026-02-12T03:38:53.103Z,3,desired_replicas,monitoring_cluster,hpa-flask-app,default
,,0,2026-02-12T02:55:02Z,2026-02-12T04:05:02Z,2026-02-12T03:39:04.77Z,3,desired_replicas,monitoring_cluster,hpa-flask-app,default
,,0,2026-02-12T02:55:02Z,2026-02-12T04:05:02Z,2026-02-12T03:39:16.437Z,3,desired_replicas,monitoring_cluster,hpa-flask-app,default
,,0,2026-02-12T02:55:02Z,2026-02-12T04:05:02Z,2026-02-12T03:39:28.104Z,2,desired_replicas,monitoring_cluster,hpa-flask-app,default
,,0,2026-02-12T02:55:02Z,2026-02-12T04:05:02Z,2026-02-12T03:39:39.771Z,2,desired_replicas,monitoring_cluster,hpa-flask-app,default
,,0,2026-02-12T02:55:02Z,2026-02-12T04:05:02Z,2026-02-12T03:39:51.438Z,2,desired_replicas,monitoring_cluster,hpa-flask-app,default
,,0,2026-02-12T02:55:02Z,2026-02-12T04:05:02Z,2026-02-12T03:40:03.105Z,2,desired_replicas,monitoring_cluster,hpa-flask-app,default
,,0,2026-02-12T02:55:02Z,2026-02-12T04:05:02Z,2026-02-12T03:40:14.772Z,2,desired_replicas,monitoring_cluster,hpa-flask-app,default
,,0,2026-02-12T02:55:02Z,2026-02-12T04:05:02Z,2026-02-12T03:40:26.439Z,2,desired_replicas,monitoring_cluster,hpa-flask-app,default
,,0,2026-02-12T02:55:02Z,2026-02-12T04:05:02Z,2026-02-12T03:40:38.106Z,2,desired_replicas,monitoring_cluster,hpa-flask-app,default
,,0,2026-02-12T02:55:02Z,2026-02-12T04:05:02Z,2026-02-12T03:40:49.773Z,2,desired_replicas,monitoring_cluster,hpa-flask-app,default
,,0,2026-02-12T02:55:02Z,2026-02-12T04:05:02Z,2026-02-12T03:41:01.44Z,2,desired_replicas,monitoring_cluster,hpa-flask-app,default
,,0,2026-02-12T02:55:02Z,2026-02-12T04:05:02Z,2026-02-12T03:41:13.107Z,2,desired_replicas,monitoring_cluster,hpa-flask-app,default
,,0,2026-02-12T02:55:02Z,2026-02-12T04:05:02Z,2026-02-12T03:41:24.774Z,2,desired_replicas,monitoring_cluster,hpa-flask-app,default
,,0,2026-02-12T02:55:02Z,2026-02-12T04:05:02Z,2026-02-12T03:41:36.441Z,2,desired_replicas,monitoring_cluster,hpa-flask-app,default
,,0,2026-02-12T02:55:02Z,2026-02-12T04:05:02Z,2026-02-12T03:41:48.108Z,2,desired_replicas,monitoring_cluster,hpa-flask-app,default
,,0,2026-02-12T02:55:02Z,2026-02-12T04:05:02Z,2026-02-12T03:41:59.775Z,2,desired_replicas,monitoring_cluster,hpa-flask-app,default
,,0,2026-02-12T02:55:02Z,2026-02-12T04:05:02Z,2026-02-12T03:42:11.442Z,2,desired_replicas,monitoring_cluster,hpa-flask-app,default
,,0,2026-02-12T02:55:02Z,2026-02-12T04:05:02Z,2026-02-12T03:42:23.109Z,2,desired_replicas,monitoring_cluster,hpa-flask-app,default
,,0,2026-02-12T02:55:02Z,2026-02-12T04:05:02Z,2026-02-12T03:42:34.776Z,2,desired_replicas,monitoring_cluster,hpa-flask-app,default
,,0,2026-02-12T02:55:02Z,2026-02-12T04:05:02Z,2026-02-12T03:42:46.443Z,2,desired_replicas,monitoring_cluster,hpa-flask-app,default
,,0,2026-02-12T02:55:02Z,2026-02-12T04:05:02Z,2026-02-12T03:42:58.11Z,2,desired_replicas,monitoring_cluster,hpa-flask-app,default
,,0,2026-02-12T02:55:02Z,2026-02-12T04:05:02Z,2026-02-12T03:43:09.777Z,2,desired_replicas,monitoring_cluster,hpa-flask-app,default
,,0,2026-02-12T02:55:02Z,2026-02-12T04:05:02Z,2026-02-12T03:43:21.444Z,2,desired_replicas,monitoring_cluster,hpa-flask-app,default
,,0,2026-02-12T02:55:02Z,2026-02-12T04:05:02Z,2026-02-12T03:43:33.111Z,2,desired_replicas,monitoring_cluster,hpa-flask-app,default
,,0,2026-02-12T02:55:02Z,2026-02-12T04:05:02Z,2026-02-12T03:43:44.778Z,2,desired_replicas,monitoring_cluster,hpa-flask-app,default
,,0,2026-02-12T02:55:02Z,2026-02-12T04:05:02Z,2026-02-12T03:43:56.445Z,2,desired_replicas,monitoring_cluster,hpa-flask-app,default
,,0,2026-02-12T02:55:02Z,2026-02-12T04:05:02Z,2026-02-12T03:44:08.112Z,2,desired_replicas,monitoring_cluster,hpa-flask-app,default
,,0,2026-02-12T02:55:02Z,2026-02-12T04:05:02Z,2026-02-12T03:44:19.779Z,2,desired_replicas,monitoring_cluster,hpa-flask-app,default
,,0,2026-02-12T02:55:02Z,2026-02-12T04:05:02Z,2026-02-12T03:44:31.446Z,2,desired_replicas,monitoring_cluster,hpa-flask-app,default
,,0,2026-02-12T02:55:02Z,2026-02-12T04:05:02Z,2026-02-12T03:44:43.113Z,2,desired_replicas,monitoring_cluster,hpa-flask-app,default
,,0,2026-02-12T02:55:02Z,2026-02-12T04:05:02Z,2026-02-12T03:44:54.78Z,2,desired_replicas,monitoring_cluster,hpa-flask-app,default
,,0,2026-02-12T02:55:02Z,2026-02-12T04:05:02Z,2026-02-12T03:45:06.447Z,2,desired_replicas,monitoring_cluster,hpa-flask-app,default
,,0,2026-02-12T02:55:02Z,2026-02-12T04:05:02Z,2026-02-12T03:45:18.114Z,2,desired_replicas,monitoring_cluster,hpa-flask-app,default
,,0,2026-02-12T02:55:02Z,2026-02-12T04:05:02Z,2026-02-12T03:45:29.781Z,2,desired_replicas,monitoring_cluster,hpa-flask-app,default
,,0,2026-02-12T02:55:02Z,2026-02-12T04:05:02Z,2026-02-12T03:45:41.448Z,2,desired_replicas,monitoring_cluster,hpa-flask-app,default
,,0,2026-02-12T02:55:02Z,2026-02-12T04:05:02Z,2026-02-12T03:45:53.115Z,2,desired_replicas,monitoring_cluster,hpa-flask-app,default
,,0,2026-02-12T02:55:02Z,2026-02-12T04:05:02Z,2026-02-12T03:46:04.782Z,2,desired_replicas,monitoring_cluster,hpa-flask-app,default
,,0,2026-02-12T02:55:02Z,2026-02-12T04:05:02Z,2026-02-12T03:46:16.449Z,2,desired_replicas,monitoring_cluster,hpa-flask-app,default
,,0,2026-02-12T02:55:02Z,2026-02-12T04:05:02Z,2026-02-12T03:46:28.116Z,2,desired_replicas,monitoring_cluster,hpa-flask-app,default
,,0,2026-02-12T02:55:02Z,2026-02-12T04:05:02Z,2026-02-12T03:46:39.783Z,2,desired_replicas,monitoring_cluster,hpa-flask-app,default
,,0,2026-02-12T02:55:02Z,2026-02-12T04:05:02Z,2026-02-12T03:46:51.45Z,2,desired_replicas,monitoring_cluster,hpa-flask-app,default
,,0,2026-02-12T02:55:02Z,2026-02-12T04:05:02Z,2026-02-12T03:47:03.117Z,3,desired_replicas,monitoring_cluster,hpa-flask-app,default
,,0,2026-02-12T02:55:02Z,2026-02-12T04:05:02Z,2026-02-12T03:47:14.784Z,3,desired_replicas,monitoring_cluster,hpa-flask-app,default
,,0,2026-02-12T02:55:02Z,2026-02-12T04:05:02Z,2026-02-12T03:47:26.451Z,3,desired_replicas,monitoring_cluster,hpa-flask-app,default
,,0,2026-02-12T02:55:02Z,2026-02-12T04:05:02Z,2026-02-12T03:47:38.118Z,3,desired_replicas,monitoring_cluster,hpa-flask-app,default
,,0,2026-02-12T02:55:02Z,2026-02-12T04:05:02Z,2026-02-12T03:47:49.785Z,3,desired_replicas,monitoring_cluster,hpa-flask-app,default
,,0,2026-02-12T02:55:02Z,2026-02-12T04:05:02Z,2026-02-12T03:48:01.452Z,3,desired_replicas,monitoring_cluster,hpa-flask-app,default
,,0,2026-02-12T02:55:02Z,2026-02-12T04:05:02Z,2026-02-12T03:48:13.119Z,3,desired_replicas,monitoring_cluster,hpa-flask-app,default
,,0,2026-02-12T02:55:02Z,2026-02-12T04:05:02Z,2026-02-12T03:48:24.786Z,3,desired_replicas,monitoring_cluster,hpa-flask-app,default
,,0,2026-02-12T02:55:02Z,2026-02-12T04:05:02Z,2026-02-12T03:48:36.453Z,3,desired_replicas,monitoring_cluster,hpa-flask-app,default
,,0,2026-02-12T02:55:02Z,2026-02-12T04:05:02Z,2026-02-12T03:48:48.12Z,3,desired_replicas,monitoring_cluster,hpa-flask-app,default
,,0,2026-02-12T02:55:02Z,2026-02-12T04:05:02Z,2026-02-12T03:48:59.787Z,3,desired_replicas,monitoring_cluster,hpa-flask-app,default
,,0,2026-02-12T02:55:02Z,2026-02-12T04:05:02Z,2026-02-12T03:49:11.454Z,3,desired_replicas,monitoring_cluster,hpa-flask-app,default
,,0,2026-02-12T02:55:02Z,2026-02-12T04:05:02Z,2026-02-12T03:49:23.121Z,3,desired_replicas,monitoring_cluster,hpa-flask-app,default
,,0,2026-02-12T02:55:02Z,2026-02-12T04:05:02Z,2026-02-12T03:49:34.788Z,3,desired_replicas,monitoring_cluster,hpa-flask-app,default
,,0,2026-02-12T02:55:02Z,2026-02-12T04:05:02Z,2026-02-12T03:49:46.455Z,3,desired_replicas,monitoring_cluster,hpa-flask-app,default
,,0,2026-02-12T02:55:02Z,2026-02-12T04:05:02Z,2026-02-12T03:49:58.122Z,3,desired_replicas,monitoring_cluster,hpa-flask-app,default
,,0,2026-02-12T02:55:02Z,2026-02-12T04:05:02Z,2026-02-12T03:50:09.789Z,3,desired_replicas,monitoring_cluster,hpa-flask-app,default
,,0,2026-02-12T02:55:02Z,2026-02-12T04:05:02Z,2026-02-12T03:50:21.456Z,3,desired_replicas,monitoring_cluster,hpa-flask-app,default
,,0,2026-02-12T02:55:02Z,2026-02-12T04:05:02Z,2026-02-12T03:50:33.123Z,3,desired_replicas,monitoring_cluster,hpa-flask-app,default
,,0,2026-02-12T02:55:02Z,2026-02-12T04:05:02Z,2026-02-12T03:50:44.79Z,3,desired_replicas,monitoring_cluster,hpa-flask-app,default
,,0,2026-02-12T02:55:02Z,2026-02-12T04:05:02Z,2026-02-12T03:50:56.457Z,3,desired_replicas,monitoring_cluster,hpa-flask-app,default
,,0,2026-02-12T02:55:02Z,2026-02-12T04:05:02Z,2026-02-12T03:51:08.124Z,3,desired_replicas,monitoring_cluster,hpa-flask-app,default
,,0,2026-02-12T02:55:02Z,2026-02-12T04:05:02Z,2026-02-12T03:51:19.791Z,3,desired_replicas,monitoring_cluster,hpa-flask-app,default
,,0,2026-02-12T02:55:02Z,2026-02-12T04:05:02Z,2026-02-12T03:51:31.458Z,3,desired_replicas,monitoring_cluster,hpa-flask-app,default
,,0,2026-02-12T02:55:02Z,2026-02-12T04:05:02Z,2026-02-12T03:51:43.125Z,3,desired_replicas,monitoring_cluster,hpa-flask-app,default
,,0,2026-02-12T02:55:02Z,2026-02-12T04:05:02Z,2026-02-12T03:51:54.792Z,3,desired_replicas,monitoring_cluster,hpa-flask-app,default
,,0,2026-02-12T02:55:02Z,2026-02-12T04:05:02Z,2026-02-12T03:52:06.459Z,3,desired_replicas,monitoring_cluster,hpa-flask-app,default
,,0,2026-02-12T02:55:02Z,2026-02-12T04:05:02Z,2026-02-12T03:52:18.126Z,2,desired_replicas,monitoring_cluster,hpa-flask-app,default
,,0,2026-02-12T02:55:02Z,2026-02-12T04:05:02Z,2026-02-12T03:52:29.793Z,2,desired_replicas,monitoring_cluster,hpa-flask-app,default
,,0,2026-02-12T02:55:02Z,2026-02-12T04:05:02Z,2026-02-12T03:52:41.46Z,2,desired_replicas,monitoring_cluster,hpa-flask-app,default
,,0,2026-02-12T02:55:02Z,2026-02-12T04:05:02Z,2026-02-12T03:52:53.127Z,2,desired_replicas,monitoring_cluster,hpa-flask-app,default
,,0,2026-02-12T02:55:02Z,2026-02-12T04:05:02Z,2026-02-12T03:53:04.794Z,1,desired_replicas,monitoring_cluster,hpa-flask-app,default
,,0,2026-02-12T02:55:02Z,2026-02-12T04:05:02Z,2026-02-12T03:53:16.461Z,1,desired_replicas,monitoring_cluster,hpa-flask-app,default
,,0,2026-02-12T02:55:02Z,2026-02-12T04:05:02Z,2026-02-12T03:53:28.128Z,1,desired_replicas,monitoring_cluster,hpa-flask-app,default
,,0,2026-02-12T02:55:02Z,2026-02-12T04:05:02Z,2026-02-12T03:53:39.795Z,1,desired_replicas,monitoring_cluster,hpa-flask-app,default
,,0,2026-02-12T02:55:02Z,2026-02-12T04:05:02Z,2026-02-12T03:53:51.462Z,1,desired_replicas,monitoring_cluster,hpa-flask-app,default
,,0,2026-02-12T02:55:02Z,2026-02-12T04:05:02Z,2026-02-12T03:54:03.129Z,1,desired_replicas,monitoring_cluster,hpa-flask-app,default
,,0,2026-02-12T02:55:02Z,2026-02-12T04:05:02Z,2026-02-12T03:54:14.796Z,1,desired_replicas,monitoring_cluster,hpa-flask-app,default
,,0,2026-02-12T02:55:02Z,2026-02-12T04:05:02Z,2026-02-12T03:54:26.463Z,1,desired_replicas,monitoring_cluster,hpa-flask-app,default
,,0,2026-02-12T02:55:02Z,2026-02-12T04:05:02Z,2026-02-12T03:54:38.13Z,1,desired_replicas,monitoring_cluster,hpa-flask-app,default
,,0,2026-02-12T02:55:02Z,2026-02-12T04:05:02Z,2026-02-12T03:54:49.797Z,1,desired_replicas,monitoring_cluster,hpa-flask-app,default
,,0,2026-02-12T02:55:02Z,2026-02-12T04:05:02Z,2026-02-12T03:55:01.464Z,1,desired_replicas,monitoring_cluster,hpa-flask-app,default
,,0,2026-02-12T02:55:02Z,2026-02-12T04:05:02Z,2026-02-12T03:55:13.131Z,1,desired_replicas,monitoring_cluster,hpa-flask-app,default
,,0,2026-02-12T02:55:02Z,2026-02-12T04:05:02Z,2026-02-12T03:55:24.798Z,1,desired_replicas,monitoring_cluster,hpa-flask-app,default
,,0,2026-02-12T02:55:02Z,2026-02-12T04:05:02Z,2026-02-12T03:55:36.465Z,1,desired_replicas,monitoring_cluster,hpa-flask-app,default
,,0,2026-02-12T02:55:02Z,2026-02-12T04:05:02Z,2026-02-12T03:55:48.132Z,1,desired_replicas,monitoring_cluster,hpa-flask-app,default
,,0,2026-02-12T02:55:02Z,2026-02-12T04:05:02Z,2026-02-12T03:55:59.799Z,1,desired_replicas,monitoring_cluster,hpa-flask-app,default
,,0,2026-02-12T02:55:02Z,2026-02-12T04:05:02Z,2026-02-12T03:56:11.466Z,1,desired_replicas,monitoring_cluster,hpa-flask-app,default
,,0,2026-02-12T02:55:02Z,2026-02-12T04:05:02Z,2026-02-12T03:56:23.133Z,1,desired_replicas,monitoring_cluster,hpa-flask-app,default
,,0,2026-02-12T02:55:02Z,2026-02-12T04:05:02Z,2026-02-12T03:56:34.8Z,1,desired_replicas,monitoring_cluster,hpa-flask-app,default
,,0,2026-02-12T02:55:02Z,2026-02-12T04:05:02Z,2026-02-12T03:56:46.467Z,1,desired_replicas,monitoring_cluster,hpa-flask-app,default
,,0,2026-02-12T02:55:02Z,2026-02-12T04:05:02Z,2026-02-12T03:56:58.134Z,1,desired_replicas,monitoring_cluster,hpa-flask-app,default
,,0,2026-02-12T02:55:02Z,2026-02-12T04:05:02Z,2026-02-12T03:57:09.801Z,1,desired_replicas,monitoring_cluster,hpa-flask-app,default
,,0,2026-02-12T02:55:02Z,2026-02-12T04:05:02Z,2026-02-12T03:57:21.468Z,1,desired_replicas,monitoring_cluster,hpa-flask-app,default
,,0,2026-02-12T02:55:02Z,2026-02-12T04:05:02Z,2026-02-12T03:57:33.135Z,1,desired_replicas,monitoring_cluster,hpa-flask-app,default
,,0,2026-02-12T02:55:02Z,2026-02-12T04:05:02Z,2026-02-12T03:57:44.802Z,1,desired_replicas,monitoring_cluster,hpa-flask-app,default
,,0,2026-02-12T02:55:02Z,2026-02-12T04:05:02Z,2026-02-12T03:57:56.469Z,1,desired_replicas,monitoring_cluster,hpa-flask-app,default
,,0,2026-02-12T02:55:02Z,2026-02-12T04:05:02Z,2026-02-12T03:58:08.136Z,1,desired_replicas,monitoring_cluster,hpa-flask-app,default
,,0,2026-02-12T02:55:02Z,2026-02-12T04:05:02Z,2026-02-12T03:58:19.803Z,1,desired_replicas,monitoring_cluster,hpa-flask-app,default
,,0,2026-02-12T02:55:02Z,2026-02-12T04:05:02Z,2026-02-12T03:58:31.47Z,1,desired_replicas,monitoring_cluster,hpa-flask-app,default
,,0,2026-02-12T02:55:02Z,2026-02-12T04:05:02Z,2026-02-12T03:58:43.137Z,1,desired_replicas,monitoring_cluster,hpa-flask-app,default
,,0,2026-02-12T02:55:02Z,2026-02-12T04:05:02Z,2026-02-12T03:58:54.804Z,1,desired_replicas,monitoring_cluster,hpa-flask-app,default
,,0,2026-02-12T02:55:02Z,2026-02-12T04:05:02Z,2026-02-12T03:59:06.471Z,1,desired_replicas,monitoring_cluster,hpa-flask-app,default
,,0,2026-02-12T02:55:02Z,2026-02-12T04:05:02Z,2026-02-12T03:59:18.138Z,1,desired_replicas,monitoring_cluster,hpa-flask-app,default
,,0,2026-02-12T02:55:02Z,2026-02-12T04:05:02Z,2026-02-12T03:59:29.805Z,1,desired_replicas,monitoring_cluster,hpa-flask-app,default
,,0,2026-02-12T02:55:02Z,2026-02-12T04:05:02Z,2026-02-12T03:59:41.472Z,1,desired_replicas,monitoring_cluster,hpa-flask-app,default
,,0,2026-02-12T02:55:02Z,2026-02-12T04:05:02Z,2026-02-12T03:59:53.139Z,1,desired_replicas,monitoring_cluster,hpa-flask-app,default
,,0,2026-02-12T02:55:02Z,2026-02-12T04:05:02Z,2026-02-12T04:00:04.806Z,1,desired_replicas,monitoring_cluster,hpa-flask-app,default
,,0,2026-02-12T02:55:02Z,2026-02-12T04:05:02Z,2026-02-12T04:00:16.473Z,1,desired_replicas,monitoring_cluster,hpa-flask-app,default
,,0,2026-02-12T02:55:02Z,2026-02-12T04:05:02Z,2026-02-12T04:00:28.14Z,1,desired_replicas,monitoring_cluster,hpa-flask-app,default
,,0,2026-02-12T02:55:02Z,2026-02-12T04:05:02Z,2026-02-12T04:00:39.807Z,1,desired_replicas,monitoring_cluster,hpa-flask-app,default
,,0,2026-02-12T02:55:02Z,2026-02-12T04:05:02Z,2026-02-12T04:00:51.474Z,1,desired_replicas,monitoring_cluster,hpa-flask-app,default
,,0,2026-02-12T02:55:02Z,2026-02-12T04:05:02Z,2026-02-12T04:01:03.141Z,1,desired_replicas,monitoring_cluster,hpa-flask-app,default
,,0,2026-02-12T02:55:02Z,2026-02-12T04:05:02Z,2026-02-12T04:01:14.808Z,1,desired_replicas,monitoring_cluster,hpa-flask-app,default
,,0,2026-02-12T02:55:02Z,2026-02-12T04:05:02Z,2026-02-12T04:01:26.475Z,1,desired_replicas,monitoring_cluster,hpa-flask-app,default
,,0,2026-02-12T02:55:02Z,2026-02-12T04:05:02Z,2026-02-12T04:01:38.142Z,1,desired_replicas,monitoring_cluster,hpa-flask-app,default
,,0,2026-02-12T02:55:02Z,2026-02-12T04:05:02Z,2026-02-12T04:01:49.809Z,1,desired_replicas,monitoring_cluster,hpa-flask-app,default
,,0,2026-02-12T02:55:02Z,2026-02-12T04:05:02Z,2026-02-12T04:02:01.476Z,1,desired_replicas,monitoring_cluster,hpa-flask-app,default
,,0,2026-02-12T02:55:02Z,2026-02-12T04:05:02Z,2026-02-12T04:02:13.143Z,1,desired_replicas,monitoring_cluster,hpa-flask-app,default
,,0,2026-02-12T02:55:02Z,2026-02-12T04:05:02Z,2026-02-12T04:02:24.81Z,1,desired_replicas,monitoring_cluster,hpa-flask-app,default
,,0,2026-02-12T02:55:02Z,2026-02-12T04:05:02Z,2026-02-12T04:02:36.477Z,1,desired_replicas,monitoring_cluster,hpa-flask-app,default
,,0,2026-02-12T02:55:02Z,2026-02-12T04:05:02Z,2026-02-12T04:02:48.144Z,1,desired_replicas,monitoring_cluster,hpa-flask-app,default
,,0,2026-02-12T02:55:02Z,2026-02-12T04:05:02Z,2026-02-12T04:02:59.811Z,1,desired_replicas,monitoring_cluster,hpa-flask-app,default
,,0,2026-02-12T02:55:02Z,2026-02-12T04:05:02Z,2026-02-12T04:03:11.478Z,1,desired_replicas,monitoring_cluster,hpa-flask-app,default
,,0,2026-02-12T02:55:02Z,2026-02-12T04:05:02Z,2026-02-12T04:03:23.145Z,1,desired_replicas,monitoring_cluster,hpa-flask-app,default
,,0,2026-02-12T02:55:02Z,2026-02-12T04:05:02Z,2026-02-12T04:03:34.812Z,1,desired_replicas,monitoring_cluster,hpa-flask-app,default
,,0,2026-02-12T02:55:02Z,2026-02-12T04:05:02Z,2026-02-12T04:03:46.479Z,1,desired_replicas,monitoring_cluster,hpa-flask-app,default
,,0,2026-02-12T02:55:02Z,2026-02-12T04:05:02Z,2026-02-12T04:03:58.146Z,1,desired_replicas,monitoring_cluster,hpa-flask-app,default
,,0,2026-02-12T02:55:02Z,2026-02-12T04:05:02Z,2026-02-12T04:04:09.813Z,1,desired_replicas,monitoring_cluster,hpa-flask-app,default
,,1,2026-02-12T02:55:02Z,2026-02-12T04:05:02Z,2026-02-12T02:55:08.028Z,1,desired_replicas,monitoring_cluster,test-flask-app,default
,,1,2026-02-12T02:55:02Z,2026-02-12T04:05:02Z,2026-02-12T02:55:19.695Z,1,desired_replicas,monitoring_cluster,test-flask-app,default
,,1,2026-02-12T02:55:02Z,2026-02-12T04:05:02Z,2026-02-12T02:55:31.362Z,1,desired_replicas,monitoring_cluster,test-flask-app,default
,,1,2026-02-12T02:55:02Z,2026-02-12T04:05:02Z,2026-02-12T02:55:43.029Z,1,desired_replicas,monitoring_cluster,test-flask-app,default
,,1,2026-02-12T02:55:02Z,2026-02-12T04:05:02Z,2026-02-12T02:55:54.696Z,1,desired_replicas,monitoring_cluster,test-flask-app,default
,,1,2026-02-12T02:55:02Z,2026-02-12T04:05:02Z,2026-02-12T02:56:06.363Z,1,desired_replicas,monitoring_cluster,test-flask-app,default
,,1,2026-02-12T02:55:02Z,2026-02-12T04:05:02Z,2026-02-12T02:56:18.03Z,1,desired_replicas,monitoring_cluster,test-flask-app,default
,,1,2026-02-12T02:55:02Z,2026-02-12T04:05:02Z,2026-02-12T02:56:29.697Z,1,desired_replicas,monitoring_cluster,test-flask-app,default
,,1,2026-02-12T02:55:02Z,2026-02-12T04:05:02Z,2026-02-12T02:56:41.364Z,1,desired_replicas,monitoring_cluster,test-flask-app,default
,,1,2026-02-12T02:55:02Z,2026-02-12T04:05:02Z,2026-02-12T02:56:53.031Z,1,desired_replicas,monitoring_cluster,test-flask-app,default
,,1,2026-02-12T02:55:02Z,2026-02-12T04:05:02Z,2026-02-12T02:57:04.698Z,1,desired_replicas,monitoring_cluster,test-flask-app,default
,,1,2026-02-12T02:55:02Z,2026-02-12T04:05:02Z,2026-02-12T02:57:16.365Z,7,desired_replicas,monitoring_cluster,test-flask-app,default
,,1,2026-02-12T02:55:02Z,2026-02-12T04:05:02Z,2026-02-12T02:57:28.032Z,7,desired_replicas,monitoring_cluster,test-flask-app,default
,,1,2026-02-12T02:55:02Z,2026-02-12T04:05:02Z,2026-02-12T02:57:39.699Z,7,desired_replicas,monitoring_cluster,test-flask-app,default
,,1,2026-02-12T02:55:02Z,2026-02-12T04:05:02Z,2026-02-12T02:57:51.366Z,7,desired_replicas,monitoring_cluster,test-flask-app,default
,,1,2026-02-12T02:55:02Z,2026-02-12T04:05:02Z,2026-02-12T02:58:03.033Z,7,desired_replicas,monitoring_cluster,test-flask-app,default
,,1,2026-02-12T02:55:02Z,2026-02-12T04:05:02Z,2026-02-12T02:58:14.7Z,7,desired_replicas,monitoring_cluster,test-flask-app,default
,,1,2026-02-12T02:55:02Z,2026-02-12T04:05:02Z,2026-02-12T02:58:26.367Z,7,desired_replicas,monitoring_cluster,test-flask-app,default
,,1,2026-02-12T02:55:02Z,2026-02-12T04:05:02Z,2026-02-12T02:58:38.034Z,7,desired_replicas,monitoring_cluster,test-flask-app,default
,,1,2026-02-12T02:55:02Z,2026-02-12T04:05:02Z,2026-02-12T02:58:49.701Z,7,desired_replicas,monitoring_cluster,test-flask-app,default
,,1,2026-02-12T02:55:02Z,2026-02-12T04:05:02Z,2026-02-12T02:59:01.368Z,7,desired_replicas,monitoring_cluster,test-flask-app,default
,,1,2026-02-12T02:55:02Z,2026-02-12T04:05:02Z,2026-02-12T02:59:13.035Z,7,desired_replicas,monitoring_cluster,test-flask-app,default
,,1,2026-02-12T02:55:02Z,2026-02-12T04:05:02Z,2026-02-12T02:59:24.702Z,7,desired_replicas,monitoring_cluster,test-flask-app,default
,,1,2026-02-12T02:55:02Z,2026-02-12T04:05:02Z,2026-02-12T02:59:36.369Z,7,desired_replicas,monitoring_cluster,test-flask-app,default
,,1,2026-02-12T02:55:02Z,2026-02-12T04:05:02Z,2026-02-12T02:59:48.036Z,7,desired_replicas,monitoring_cluster,test-flask-app,default
,,1,2026-02-12T02:55:02Z,2026-02-12T04:05:02Z,2026-02-12T02:59:59.703Z,4,desired_replicas,monitoring_cluster,test-flask-app,default
,,1,2026-02-12T02:55:02Z,2026-02-12T04:05:02Z,2026-02-12T03:00:11.37Z,4,desired_replicas,monitoring_cluster,test-flask-app,default
,,1,2026-02-12T02:55:02Z,2026-02-12T04:05:02Z,2026-02-12T03:00:23.037Z,4,desired_replicas,monitoring_cluster,test-flask-app,default
,,1,2026-02-12T02:55:02Z,2026-02-12T04:05:02Z,2026-02-12T03:00:34.704Z,4,desired_replicas,monitoring_cluster,test-flask-app,default
,,1,2026-02-12T02:55:02Z,2026-02-12T04:05:02Z,2026-02-12T03:00:46.371Z,4,desired_replicas,monitoring_cluster,test-flask-app,default
,,1,2026-02-12T02:55:02Z,2026-02-12T04:05:02Z,2026-02-12T03:00:58.038Z,4,desired_replicas,monitoring_cluster,test-flask-app,default
,,1,2026-02-12T02:55:02Z,2026-02-12T04:05:02Z,2026-02-12T03:01:09.705Z,4,desired_replicas,monitoring_cluster,test-flask-app,default
,,1,2026-02-12T02:55:02Z,2026-02-12T04:05:02Z,2026-02-12T03:01:21.372Z,2,desired_replicas,monitoring_cluster,test-flask-app,default
,,1,2026-02-12T02:55:02Z,2026-02-12T04:05:02Z,2026-02-12T03:01:33.039Z,2,desired_replicas,monitoring_cluster,test-flask-app,default
,,1,2026-02-12T02:55:02Z,2026-02-12T04:05:02Z,2026-02-12T03:01:44.706Z,2,desired_replicas,monitoring_cluster,test-flask-app,default
,,1,2026-02-12T02:55:02Z,2026-02-12T04:05:02Z,2026-02-12T03:01:56.373Z,2,desired_replicas,monitoring_cluster,test-flask-app,default
,,1,2026-02-12T02:55:02Z,2026-02-12T04:05:02Z,2026-02-12T03:02:08.04Z,2,desired_replicas,monitoring_cluster,test-flask-app,default
,,1,2026-02-12T02:55:02Z,2026-02-12T04:05:02Z,2026-02-12T03:02:19.707Z,2,desired_replicas,monitoring_cluster,test-flask-app,default
,,1,2026-02-12T02:55:02Z,2026-02-12T04:05:02Z,2026-02-12T03:02:31.374Z,2,desired_replicas,monitoring_cluster,test-flask-app,default
,,1,2026-02-12T02:55:02Z,2026-02-12T04:05:02Z,2026-02-12T03:02:43.041Z,2,desired_replicas,monitoring_cluster,test-flask-app,default
,,1,2026-02-12T02:55:02Z,2026-02-12T04:05:02Z,2026-02-12T03:02:54.708Z,2,desired_replicas,monitoring_cluster,test-flask-app,default
,,1,2026-02-12T02:55:02Z,2026-02-12T04:05:02Z,2026-02-12T03:03:06.375Z,2,desired_replicas,monitoring_cluster,test-flask-app,default
,,1,2026-02-12T02:55:02Z,2026-02-12T04:05:02Z,2026-02-12T03:03:18.042Z,2,desired_replicas,monitoring_cluster,test-flask-app,default
,,1,2026-02-12T02:55:02Z,2026-02-12T04:05:02Z,2026-02-12T03:03:29.709Z,2,desired_replicas,monitoring_cluster,test-flask-app,default
,,1,2026-02-12T02:55:02Z,2026-02-12T04:05:02Z,2026-02-12T03:03:41.376Z,2,desired_replicas,monitoring_cluster,test-flask-app,default
,,1,2026-02-12T02:55:02Z,2026-02-12T04:05:02Z,2026-02-12T03:03:53.043Z,2,desired_replicas,monitoring_cluster,test-flask-app,default
,,1,2026-02-12T02:55:02Z,2026-02-12T04:05:02Z,2026-02-12T03:04:04.71Z,2,desired_replicas,monitoring_cluster,test-flask-app,default
,,1,2026-02-12T02:55:02Z,2026-02-12T04:05:02Z,2026-02-12T03:04:16.377Z,2,desired_replicas,monitoring_cluster,test-flask-app,default
,,1,2026-02-12T02:55:02Z,2026-02-12T04:05:02Z,2026-02-12T03:04:28.044Z,2,desired_replicas,monitoring_cluster,test-flask-app,default
,,1,2026-02-12T02:55:02Z,2026-02-12T04:05:02Z,2026-02-12T03:04:39.711Z,2,desired_replicas,monitoring_cluster,test-flask-app,default
,,1,2026-02-12T02:55:02Z,2026-02-12T04:05:02Z,2026-02-12T03:04:51.378Z,2,desired_replicas,monitoring_cluster,test-flask-app,default
,,1,2026-02-12T02:55:02Z,2026-02-12T04:05:02Z,2026-02-12T03:05:03.045Z,2,desired_replicas,monitoring_cluster,test-flask-app,default
,,1,2026-02-12T02:55:02Z,2026-02-12T04:05:02Z,2026-02-12T03:05:14.712Z,2,desired_replicas,monitoring_cluster,test-flask-app,default
,,1,2026-02-12T02:55:02Z,2026-02-12T04:05:02Z,2026-02-12T03:05:26.379Z,2,desired_replicas,monitoring_cluster,test-flask-app,default
,,1,2026-02-12T02:55:02Z,2026-02-12T04:05:02Z,2026-02-12T03:05:38.046Z,2,desired_replicas,monitoring_cluster,test-flask-app,default
,,1,2026-02-12T02:55:02Z,2026-02-12T04:05:02Z,2026-02-12T03:05:49.713Z,2,desired_replicas,monitoring_cluster,test-flask-app,default
,,1,2026-02-12T02:55:02Z,2026-02-12T04:05:02Z,2026-02-12T03:06:01.38Z,2,desired_replicas,monitoring_cluster,test-flask-app,default
,,1,2026-02-12T02:55:02Z,2026-02-12T04:05:02Z,2026-02-12T03:06:13.047Z,2,desired_replicas,monitoring_cluster,test-flask-app,default
,,1,2026-02-12T02:55:02Z,2026-02-12T04:05:02Z,2026-02-12T03:06:24.714Z,2,desired_replicas,monitoring_cluster,test-flask-app,default
,,1,2026-02-12T02:55:02Z,2026-02-12T04:05:02Z,2026-02-12T03:06:36.381Z,2,desired_replicas,monitoring_cluster,test-flask-app,default
,,1,2026-02-12T02:55:02Z,2026-02-12T04:05:02Z,2026-02-12T03:06:48.048Z,2,desired_replicas,monitoring_cluster,test-flask-app,default
,,1,2026-02-12T02:55:02Z,2026-02-12T04:05:02Z,2026-02-12T03:06:59.715Z,2,desired_replicas,monitoring_cluster,test-flask-app,default
,,1,2026-02-12T02:55:02Z,2026-02-12T04:05:02Z,2026-02-12T03:07:11.382Z,2,desired_replicas,monitoring_cluster,test-flask-app,default
,,1,2026-02-12T02:55:02Z,2026-02-12T04:05:02Z,2026-02-12T03:07:23.049Z,2,desired_replicas,monitoring_cluster,test-flask-app,default
,,1,2026-02-12T02:55:02Z,2026-02-12T04:05:02Z,2026-02-12T03:07:34.716Z,2,desired_replicas,monitoring_cluster,test-flask-app,default
,,1,2026-02-12T02:55:02Z,2026-02-12T04:05:02Z,2026-02-12T03:07:46.383Z,2,desired_replicas,monitoring_cluster,test-flask-app,default
,,1,2026-02-12T02:55:02Z,2026-02-12T04:05:02Z,2026-02-12T03:07:58.05Z,2,desired_replicas,monitoring_cluster,test-flask-app,default
,,1,2026-02-12T02:55:02Z,2026-02-12T04:05:02Z,2026-02-12T03:08:09.717Z,2,desired_replicas,monitoring_cluster,test-flask-app,default
,,1,2026-02-12T02:55:02Z,2026-02-12T04:05:02Z,2026-02-12T03:08:21.384Z,7,desired_replicas,monitoring_cluster,test-flask-app,default
,,1,2026-02-12T02:55:02Z,2026-02-12T04:05:02Z,2026-02-12T03:08:33.051Z,7,desired_replicas,monitoring_cluster,test-flask-app,default
,,1,2026-02-12T02:55:02Z,2026-02-12T04:05:02Z,2026-02-12T03:08:44.718Z,7,desired_replicas,monitoring_cluster,test-flask-app,default
,,1,2026-02-12T02:55:02Z,2026-02-12T04:05:02Z,2026-02-12T03:08:56.385Z,7,desired_replicas,monitoring_cluster,test-flask-app,default
,,1,2026-02-12T02:55:02Z,2026-02-12T04:05:02Z,2026-02-12T03:09:08.052Z,7,desired_replicas,monitoring_cluster,test-flask-app,default
,,1,2026-02-12T02:55:02Z,2026-02-12T04:05:02Z,2026-02-12T03:09:19.719Z,7,desired_replicas,monitoring_cluster,test-flask-app,default
,,1,2026-02-12T02:55:02Z,2026-02-12T04:05:02Z,2026-02-12T03:09:31.386Z,7,desired_replicas,monitoring_cluster,test-flask-app,default
,,1,2026-02-12T02:55:02Z,2026-02-12T04:05:02Z,2026-02-12T03:09:43.053Z,7,desired_replicas,monitoring_cluster,test-flask-app,default
,,1,2026-02-12T02:55:02Z,2026-02-12T04:05:02Z,2026-02-12T03:09:54.72Z,7,desired_replicas,monitoring_cluster,test-flask-app,default
,,1,2026-02-12T02:55:02Z,2026-02-12T04:05:02Z,2026-02-12T03:10:06.387Z,2,desired_replicas,monitoring_cluster,test-flask-app,default
,,1,2026-02-12T02:55:02Z,2026-02-12T04:05:02Z,2026-02-12T03:10:18.054Z,2,desired_replicas,monitoring_cluster,test-flask-app,default
,,1,2026-02-12T02:55:02Z,2026-02-12T04:05:02Z,2026-02-12T03:10:29.721Z,2,desired_replicas,monitoring_cluster,test-flask-app,default
,,1,2026-02-12T02:55:02Z,2026-02-12T04:05:02Z,2026-02-12T03:10:41.388Z,2,desired_replicas,monitoring_cluster,test-flask-app,default
,,1,2026-02-12T02:55:02Z,2026-02-12T04:05:02Z,2026-02-12T03:10:53.055Z,2,desired_replicas,monitoring_cluster,test-flask-app,default
,,1,2026-02-12T02:55:02Z,2026-02-12T04:05:02Z,2026-02-12T03:11:04.722Z,2,desired_replicas,monitoring_cluster,test-flask-app,default
,,1,2026-02-12T02:55:02Z,2026-02-12T04:05:02Z,2026-02-12T03:11:16.389Z,2,desired_replicas,monitoring_cluster,test-flask-app,default
,,1,2026-02-12T02:55:02Z,2026-02-12T04:05:02Z,2026-02-12T03:11:28.056Z,2,desired_replicas,monitoring_cluster,test-flask-app,default
,,1,2026-02-12T02:55:02Z,2026-02-12T04:05:02Z,2026-02-12T03:11:39.723Z,9,desired_replicas,monitoring_cluster,test-flask-app,default
,,1,2026-02-12T02:55:02Z,2026-02-12T04:05:02Z,2026-02-12T03:11:51.39Z,9,desired_replicas,monitoring_cluster,test-flask-app,default
,,1,2026-02-12T02:55:02Z,2026-02-12T04:05:02Z,2026-02-12T03:12:03.057Z,9,desired_replicas,monitoring_cluster,test-flask-app,default
,,1,2026-02-12T02:55:02Z,2026-02-12T04:05:02Z,2026-02-12T03:12:14.724Z,9,desired_replicas,monitoring_cluster,test-flask-app,default
,,1,2026-02-12T02:55:02Z,2026-02-12T04:05:02Z,2026-02-12T03:12:26.391Z,9,desired_replicas,monitoring_cluster,test-flask-app,default
,,1,2026-02-12T02:55:02Z,2026-02-12T04:05:02Z,2026-02-12T03:12:38.058Z,9,desired_replicas,monitoring_cluster,test-flask-app,default
,,1,2026-02-12T02:55:02Z,2026-02-12T04:05:02Z,2026-02-12T03:12:49.725Z,9,desired_replicas,monitoring_cluster,test-flask-app,default
,,1,2026-02-12T02:55:02Z,2026-02-12T04:05:02Z,2026-02-12T03:13:01.392Z,9,desired_replicas,monitoring_cluster,test-flask-app,default
,,1,2026-02-12T02:55:02Z,2026-02-12T04:05:02Z,2026-02-12T03:13:13.059Z,9,desired_replicas,monitoring_cluster,test-flask-app,default
,,1,2026-02-12T02:55:02Z,2026-02-12T04:05:02Z,2026-02-12T03:13:24.726Z,9,desired_replicas,monitoring_cluster,test-flask-app,default
,,1,2026-02-12T02:55:02Z,2026-02-12T04:05:02Z,2026-02-12T03:13:36.393Z,7,desired_replicas,monitoring_cluster,test-flask-app,default
,,1,2026-02-12T02:55:02Z,2026-02-12T04:05:02Z,2026-02-12T03:13:48.06Z,7,desired_replicas,monitoring_cluster,test-flask-app,default
,,1,2026-02-12T02:55:02Z,2026-02-12T04:05:02Z,2026-02-12T03:13:59.727Z,7,desired_replicas,monitoring_cluster,test-flask-app,default
,,1,2026-02-12T02:55:02Z,2026-02-12T04:05:02Z,2026-02-12T03:14:11.394Z,7,desired_replicas,monitoring_cluster,test-flask-app,default
,,1,2026-02-12T02:55:02Z,2026-02-12T04:05:02Z,2026-02-12T03:14:23.061Z,7,desired_replicas,monitoring_cluster,test-flask-app,default
,,1,2026-02-12T02:55:02Z,2026-02-12T04:05:02Z,2026-02-12T03:14:34.728Z,7,desired_replicas,monitoring_cluster,test-flask-app,default
,,1,2026-02-12T02:55:02Z,2026-02-12T04:05:02Z,2026-02-12T03:14:46.395Z,7,desired_replicas,monitoring_cluster,test-flask-app,default
,,1,2026-02-12T02:55:02Z,2026-02-12T04:05:02Z,2026-02-12T03:14:58.062Z,7,desired_replicas,monitoring_cluster,test-flask-app,default
,,1,2026-02-12T02:55:02Z,2026-02-12T04:05:02Z,2026-02-12T03:15:09.729Z,7,desired_replicas,monitoring_cluster,test-flask-app,default
,,1,2026-02-12T02:55:02Z,2026-02-12T04:05:02Z,2026-02-12T03:15:21.396Z,7,desired_replicas,monitoring_cluster,test-flask-app,default
,,1,2026-02-12T02:55:02Z,2026-02-12T04:05:02Z,2026-02-12T03:15:33.063Z,7,desired_replicas,monitoring_cluster,test-flask-app,default
,,1,2026-02-12T02:55:02Z,2026-02-12T04:05:02Z,2026-02-12T03:15:44.73Z,7,desired_replicas,monitoring_cluster,test-flask-app,default
,,1,2026-02-12T02:55:02Z,2026-02-12T04:05:02Z,2026-02-12T03:15:56.397Z,7,desired_replicas,monitoring_cluster,test-flask-app,default
,,1,2026-02-12T02:55:02Z,2026-02-12T04:05:02Z,2026-02-12T03:16:08.064Z,7,desired_replicas,monitoring_cluster,test-flask-app,default
,,1,2026-02-12T02:55:02Z,2026-02-12T04:05:02Z,2026-02-12T03:16:19.731Z,7,desired_replicas,monitoring_cluster,test-flask-app,default
,,1,2026-02-12T02:55:02Z,2026-02-12T04:05:02Z,2026-02-12T03:16:31.398Z,7,desired_replicas,monitoring_cluster,test-flask-app,default
,,1,2026-02-12T02:55:02Z,2026-02-12T04:05:02Z,2026-02-12T03:16:43.065Z,7,desired_replicas,monitoring_cluster,test-flask-app,default
,,1,2026-02-12T02:55:02Z,2026-02-12T04:05:02Z,2026-02-12T03:16:54.732Z,4,desired_replicas,monitoring_cluster,test-flask-app,default
,,1,2026-02-12T02:55:02Z,2026-02-12T04:05:02Z,2026-02-12T03:17:06.399Z,4,desired_replicas,monitoring_cluster,test-flask-app,default
,,1,2026-02-12T02:55:02Z,2026-02-12T04:05:02Z,2026-02-12T03:17:18.066Z,4,desired_replicas,monitoring_cluster,test-flask-app,default
,,1,2026-02-12T02:55:02Z,2026-02-12T04:05:02Z,2026-02-12T03:17:29.733Z,4,desired_replicas,monitoring_cluster,test-flask-app,default
,,1,2026-02-12T02:55:02Z,2026-02-12T04:05:02Z,2026-02-12T03:17:41.4Z,4,desired_replicas,monitoring_cluster,test-flask-app,default
,,1,2026-02-12T02:55:02Z,2026-02-12T04:05:02Z,2026-02-12T03:17:53.067Z,4,desired_replicas,monitoring_cluster,test-flask-app,default
,,1,2026-02-12T02:55:02Z,2026-02-12T04:05:02Z,2026-02-12T03:18:04.734Z,2,desired_replicas,monitoring_cluster,test-flask-app,default
,,1,2026-02-12T02:55:02Z,2026-02-12T04:05:02Z,2026-02-12T03:18:16.401Z,2,desired_replicas,monitoring_cluster,test-flask-app,default
,,1,2026-02-12T02:55:02Z,2026-02-12T04:05:02Z,2026-02-12T03:18:28.068Z,2,desired_replicas,monitoring_cluster,test-flask-app,default
,,1,2026-02-12T02:55:02Z,2026-02-12T04:05:02Z,2026-02-12T03:18:39.735Z,2,desired_replicas,monitoring_cluster,test-flask-app,default
,,1,2026-02-12T02:55:02Z,2026-02-12T04:05:02Z,2026-02-12T03:18:51.402Z,2,desired_replicas,monitoring_cluster,test-flask-app,default
,,1,2026-02-12T02:55:02Z,2026-02-12T04:05:02Z,2026-02-12T03:19:03.069Z,2,desired_replicas,monitoring_cluster,test-flask-app,default
,,1,2026-02-12T02:55:02Z,2026-02-12T04:05:02Z,2026-02-12T03:19:14.736Z,2,desired_replicas,monitoring_cluster,test-flask-app,default
,,1,2026-02-12T02:55:02Z,2026-02-12T04:05:02Z,2026-02-12T03:19:26.403Z,9,desired_replicas,monitoring_cluster,test-flask-app,default
,,1,2026-02-12T02:55:02Z,2026-02-12T04:05:02Z,2026-02-12T03:19:38.07Z,9,desired_replicas,monitoring_cluster,test-flask-app,default
,,1,2026-02-12T02:55:02Z,2026-02-12T04:05:02Z,2026-02-12T03:19:49.737Z,9,desired_replicas,monitoring_cluster,test-flask-app,default
,,1,2026-02-12T02:55:02Z,2026-02-12T04:05:02Z,2026-02-12T03:20:01.404Z,9,desired_replicas,monitoring_cluster,test-flask-app,default
,,1,2026-02-12T02:55:02Z,2026-02-12T04:05:02Z,2026-02-12T03:20:13.071Z,9,desired_replicas,monitoring_cluster,test-flask-app,default
,,1,2026-02-12T02:55:02Z,2026-02-12T04:05:02Z,2026-02-12T03:20:24.738Z,9,desired_replicas,monitoring_cluster,test-flask-app,default
,,1,2026-02-12T02:55:02Z,2026-02-12T04:05:02Z,2026-02-12T03:20:36.405Z,9,desired_replicas,monitoring_cluster,test-flask-app,default
,,1,2026-02-12T02:55:02Z,2026-02-12T04:05:02Z,2026-02-12T03:20:48.072Z,9,desired_replicas,monitoring_cluster,test-flask-app,default
,,1,2026-02-12T02:55:02Z,2026-02-12T04:05:02Z,2026-02-12T03:20:59.739Z,9,desired_replicas,monitoring_cluster,test-flask-app,default
,,1,2026-02-12T02:55:02Z,2026-02-12T04:05:02Z,2026-02-12T03:21:11.406Z,9,desired_replicas,monitoring_cluster,test-flask-app,default
,,1,2026-02-12T02:55:02Z,2026-02-12T04:05:02Z,2026-02-12T03:21:23.073Z,9,desired_replicas,monitoring_cluster,test-flask-app,default
,,1,2026-02-12T02:55:02Z,2026-02-12T04:05:02Z,2026-02-12T03:21:34.74Z,9,desired_replicas,monitoring_cluster,test-flask-app,default
,,1,2026-02-12T02:55:02Z,2026-02-12T04:05:02Z,2026-02-12T03:21:46.407Z,9,desired_replicas,monitoring_cluster,test-flask-app,default
,,1,2026-02-12T02:55:02Z,2026-02-12T04:05:02Z,2026-02-12T03:21:58.074Z,9,desired_replicas,monitoring_cluster,test-flask-app,default
,,1,2026-02-12T02:55:02Z,2026-02-12T04:05:02Z,2026-02-12T03:22:09.741Z,7,desired_replicas,monitoring_cluster,test-flask-app,default
,,1,2026-02-12T02:55:02Z,2026-02-12T04:05:02Z,2026-02-12T03:22:21.408Z,7,desired_replicas,monitoring_cluster,test-flask-app,default
,,1,2026-02-12T02:55:02Z,2026-02-12T04:05:02Z,2026-02-12T03:22:33.075Z,7,desired_replicas,monitoring_cluster,test-flask-app,default
,,1,2026-02-12T02:55:02Z,2026-02-12T04:05:02Z,2026-02-12T03:22:44.742Z,7,desired_replicas,monitoring_cluster,test-flask-app,default
,,1,2026-02-12T02:55:02Z,2026-02-12T04:05:02Z,2026-02-12T03:22:56.409Z,7,desired_replicas,monitoring_cluster,test-flask-app,default
,,1,2026-02-12T02:55:02Z,2026-02-12T04:05:02Z,2026-02-12T03:23:08.076Z,7,desired_replicas,monitoring_cluster,test-flask-app,default
,,1,2026-02-12T02:55:02Z,2026-02-12T04:05:02Z,2026-02-12T03:23:19.743Z,7,desired_replicas,monitoring_cluster,test-flask-app,default
,,1,2026-02-12T02:55:02Z,2026-02-12T04:05:02Z,2026-02-12T03:23:31.41Z,7,desired_replicas,monitoring_cluster,test-flask-app,default
,,1,2026-02-12T02:55:02Z,2026-02-12T04:05:02Z,2026-02-12T03:23:43.077Z,7,desired_replicas,monitoring_cluster,test-flask-app,default
,,1,2026-02-12T02:55:02Z,2026-02-12T04:05:02Z,2026-02-12T03:23:54.744Z,7,desired_replicas,monitoring_cluster,test-flask-app,default
,,1,2026-02-12T02:55:02Z,2026-02-12T04:05:02Z,2026-02-12T03:24:06.411Z,9,desired_replicas,monitoring_cluster,test-flask-app,default
,,1,2026-02-12T02:55:02Z,2026-02-12T04:05:02Z,2026-02-12T03:24:18.078Z,9,desired_replicas,monitoring_cluster,test-flask-app,default
,,1,2026-02-12T02:55:02Z,2026-02-12T04:05:02Z,2026-02-12T03:24:29.745Z,9,desired_replicas,monitoring_cluster,test-flask-app,default
,,1,2026-02-12T02:55:02Z,2026-02-12T04:05:02Z,2026-02-12T03:24:41.412Z,9,desired_replicas,monitoring_cluster,test-flask-app,default
,,1,2026-02-12T02:55:02Z,2026-02-12T04:05:02Z,2026-02-12T03:24:53.079Z,9,desired_replicas,monitoring_cluster,test-flask-app,default
,,1,2026-02-12T02:55:02Z,2026-02-12T04:05:02Z,2026-02-12T03:25:04.746Z,9,desired_replicas,monitoring_cluster,test-flask-app,default
,,1,2026-02-12T02:55:02Z,2026-02-12T04:05:02Z,2026-02-12T03:25:16.413Z,9,desired_replicas,monitoring_cluster,test-flask-app,default
,,1,2026-02-12T02:55:02Z,2026-02-12T04:05:02Z,2026-02-12T03:25:28.08Z,9,desired_replicas,monitoring_cluster,test-flask-app,default
,,1,2026-02-12T02:55:02Z,2026-02-12T04:05:02Z,2026-02-12T03:25:39.747Z,9,desired_replicas,monitoring_cluster,test-flask-app,default
,,1,2026-02-12T02:55:02Z,2026-02-12T04:05:02Z,2026-02-12T03:25:51.414Z,9,desired_replicas,monitoring_cluster,test-flask-app,default
,,1,2026-02-12T02:55:02Z,2026-02-12T04:05:02Z,2026-02-12T03:26:03.081Z,9,desired_replicas,monitoring_cluster,test-flask-app,default
,,1,2026-02-12T02:55:02Z,2026-02-12T04:05:02Z,2026-02-12T03:26:14.748Z,9,desired_replicas,monitoring_cluster,test-flask-app,default
,,1,2026-02-12T02:55:02Z,2026-02-12T04:05:02Z,2026-02-12T03:26:26.415Z,9,desired_replicas,monitoring_cluster,test-flask-app,default
,,1,2026-02-12T02:55:02Z,2026-02-12T04:05:02Z,2026-02-12T03:26:38.082Z,9,desired_replicas,monitoring_cluster,test-flask-app,default
,,1,2026-02-12T02:55:02Z,2026-02-12T04:05:02Z,2026-02-12T03:26:49.749Z,9,desired_replicas,monitoring_cluster,test-flask-app,default
,,1,2026-02-12T02:55:02Z,2026-02-12T04:05:02Z,2026-02-12T03:27:01.416Z,9,desired_replicas,monitoring_cluster,test-flask-app,default
,,1,2026-02-12T02:55:02Z,2026-02-12T04:05:02Z,2026-02-12T03:27:13.083Z,9,desired_replicas,monitoring_cluster,test-flask-app,default
,,1,2026-02-12T02:55:02Z,2026-02-12T04:05:02Z,2026-02-12T03:27:24.75Z,9,desired_replicas,monitoring_cluster,test-flask-app,default
,,1,2026-02-12T02:55:02Z,2026-02-12T04:05:02Z,2026-02-12T03:27:36.417Z,9,desired_replicas,monitoring_cluster,test-flask-app,default
,,1,2026-02-12T02:55:02Z,2026-02-12T04:05:02Z,2026-02-12T03:27:48.084Z,9,desired_replicas,monitoring_cluster,test-flask-app,default
,,1,2026-02-12T02:55:02Z,2026-02-12T04:05:02Z,2026-02-12T03:27:59.751Z,7,desired_replicas,monitoring_cluster,test-flask-app,default
,,1,2026-02-12T02:55:02Z,2026-02-12T04:05:02Z,2026-02-12T03:28:11.418Z,7,desired_replicas,monitoring_cluster,test-flask-app,default
,,1,2026-02-12T02:55:02Z,2026-02-12T04:05:02Z,2026-02-12T03:28:23.085Z,7,desired_replicas,monitoring_cluster,test-flask-app,default
,,1,2026-02-12T02:55:02Z,2026-02-12T04:05:02Z,2026-02-12T03:28:34.752Z,7,desired_replicas,monitoring_cluster,test-flask-app,default
,,1,2026-02-12T02:55:02Z,2026-02-12T04:05:02Z,2026-02-12T03:28:46.419Z,7,desired_replicas,monitoring_cluster,test-flask-app,default
,,1,2026-02-12T02:55:02Z,2026-02-12T04:05:02Z,2026-02-12T03:28:58.086Z,7,desired_replicas,monitoring_cluster,test-flask-app,default
,,1,2026-02-12T02:55:02Z,2026-02-12T04:05:02Z,2026-02-12T03:29:09.753Z,7,desired_replicas,monitoring_cluster,test-flask-app,default
,,1,2026-02-12T02:55:02Z,2026-02-12T04:05:02Z,2026-02-12T03:29:21.42Z,9,desired_replicas,monitoring_cluster,test-flask-app,default
,,1,2026-02-12T02:55:02Z,2026-02-12T04:05:02Z,2026-02-12T03:29:33.087Z,9,desired_replicas,monitoring_cluster,test-flask-app,default
,,1,2026-02-12T02:55:02Z,2026-02-12T04:05:02Z,2026-02-12T03:29:44.754Z,9,desired_replicas,monitoring_cluster,test-flask-app,default
,,1,2026-02-12T02:55:02Z,2026-02-12T04:05:02Z,2026-02-12T03:29:56.421Z,9,desired_replicas,monitoring_cluster,test-flask-app,default
,,1,2026-02-12T02:55:02Z,2026-02-12T04:05:02Z,2026-02-12T03:30:08.088Z,9,desired_replicas,monitoring_cluster,test-flask-app,default
,,1,2026-02-12T02:55:02Z,2026-02-12T04:05:02Z,2026-02-12T03:30:19.755Z,9,desired_replicas,monitoring_cluster,test-flask-app,default
,,1,2026-02-12T02:55:02Z,2026-02-12T04:05:02Z,2026-02-12T03:30:31.422Z,9,desired_replicas,monitoring_cluster,test-flask-app,default
,,1,2026-02-12T02:55:02Z,2026-02-12T04:05:02Z,2026-02-12T03:30:43.089Z,9,desired_replicas,monitoring_cluster,test-flask-app,default
,,1,2026-02-12T02:55:02Z,2026-02-12T04:05:02Z,2026-02-12T03:30:54.756Z,9,desired_replicas,monitoring_cluster,test-flask-app,default
,,1,2026-02-12T02:55:02Z,2026-02-12T04:05:02Z,2026-02-12T03:31:06.423Z,9,desired_replicas,monitoring_cluster,test-flask-app,default
,,1,2026-02-12T02:55:02Z,2026-02-12T04:05:02Z,2026-02-12T03:31:18.09Z,9,desired_replicas,monitoring_cluster,test-flask-app,default
,,1,2026-02-12T02:55:02Z,2026-02-12T04:05:02Z,2026-02-12T03:31:29.757Z,9,desired_replicas,monitoring_cluster,test-flask-app,default
,,1,2026-02-12T02:55:02Z,2026-02-12T04:05:02Z,2026-02-12T03:31:41.424Z,9,desired_replicas,monitoring_cluster,test-flask-app,default
,,1,2026-02-12T02:55:02Z,2026-02-12T04:05:02Z,2026-02-12T03:31:53.091Z,9,desired_replicas,monitoring_cluster,test-flask-app,default
,,1,2026-02-12T02:55:02Z,2026-02-12T04:05:02Z,2026-02-12T03:32:04.758Z,9,desired_replicas,monitoring_cluster,test-flask-app,default
,,1,2026-02-12T02:55:02Z,2026-02-12T04:05:02Z,2026-02-12T03:32:16.425Z,9,desired_replicas,monitoring_cluster,test-flask-app,default
,,1,2026-02-12T02:55:02Z,2026-02-12T04:05:02Z,2026-02-12T03:32:28.092Z,9,desired_replicas,monitoring_cluster,test-flask-app,default
,,1,2026-02-12T02:55:02Z,2026-02-12T04:05:02Z,2026-02-12T03:32:39.759Z,5,desired_replicas,monitoring_cluster,test-flask-app,default
,,1,2026-02-12T02:55:02Z,2026-02-12T04:05:02Z,2026-02-12T03:32:51.426Z,5,desired_replicas,monitoring_cluster,test-flask-app,default
,,1,2026-02-12T02:55:02Z,2026-02-12T04:05:02Z,2026-02-12T03:33:03.093Z,5,desired_replicas,monitoring_cluster,test-flask-app,default
,,1,2026-02-12T02:55:02Z,2026-02-12T04:05:02Z,2026-02-12T03:33:14.76Z,5,desired_replicas,monitoring_cluster,test-flask-app,default
,,1,2026-02-12T02:55:02Z,2026-02-12T04:05:02Z,2026-02-12T03:33:26.427Z,5,desired_replicas,monitoring_cluster,test-flask-app,default
,,1,2026-02-12T02:55:02Z,2026-02-12T04:05:02Z,2026-02-12T03:33:38.094Z,5,desired_replicas,monitoring_cluster,test-flask-app,default
,,1,2026-02-12T02:55:02Z,2026-02-12T04:05:02Z,2026-02-12T03:33:49.761Z,5,desired_replicas,monitoring_cluster,test-flask-app,default
,,1,2026-02-12T02:55:02Z,2026-02-12T04:05:02Z,2026-02-12T03:34:01.428Z,5,desired_replicas,monitoring_cluster,test-flask-app,default
,,1,2026-02-12T02:55:02Z,2026-02-12T04:05:02Z,2026-02-12T03:34:13.095Z,5,desired_replicas,monitoring_cluster,test-flask-app,default
,,1,2026-02-12T02:55:02Z,2026-02-12T04:05:02Z,2026-02-12T03:34:24.762Z,5,desired_replicas,monitoring_cluster,test-flask-app,default
,,1,2026-02-12T02:55:02Z,2026-02-12T04:05:02Z,2026-02-12T03:34:36.429Z,5,desired_replicas,monitoring_cluster,test-flask-app,default
,,1,2026-02-12T02:55:02Z,2026-02-12T04:05:02Z,2026-02-12T03:34:48.096Z,5,desired_replicas,monitoring_cluster,test-flask-app,default
,,1,2026-02-12T02:55:02Z,2026-02-12T04:05:02Z,2026-02-12T03:34:59.763Z,5,desired_replicas,monitoring_cluster,test-flask-app,default
,,1,2026-02-12T02:55:02Z,2026-02-12T04:05:02Z,2026-02-12T03:35:11.43Z,5,desired_replicas,monitoring_cluster,test-flask-app,default
,,1,2026-02-12T02:55:02Z,2026-02-12T04:05:02Z,2026-02-12T03:35:23.097Z,5,desired_replicas,monitoring_cluster,test-flask-app,default
,,1,2026-02-12T02:55:02Z,2026-02-12T04:05:02Z,2026-02-12T03:35:34.764Z,2,desired_replicas,monitoring_cluster,test-flask-app,default
,,1,2026-02-12T02:55:02Z,2026-02-12T04:05:02Z,2026-02-12T03:35:46.431Z,2,desired_replicas,monitoring_cluster,test-flask-app,default
,,1,2026-02-12T02:55:02Z,2026-02-12T04:05:02Z,2026-02-12T03:35:58.098Z,2,desired_replicas,monitoring_cluster,test-flask-app,default
,,1,2026-02-12T02:55:02Z,2026-02-12T04:05:02Z,2026-02-12T03:36:09.765Z,2,desired_replicas,monitoring_cluster,test-flask-app,default
,,1,2026-02-12T02:55:02Z,2026-02-12T04:05:02Z,2026-02-12T03:36:21.432Z,2,desired_replicas,monitoring_cluster,test-flask-app,default
,,1,2026-02-12T02:55:02Z,2026-02-12T04:05:02Z,2026-02-12T03:36:33.099Z,2,desired_replicas,monitoring_cluster,test-flask-app,default
,,1,2026-02-12T02:55:02Z,2026-02-12T04:05:02Z,2026-02-12T03:36:44.766Z,2,desired_replicas,monitoring_cluster,test-flask-app,default
,,1,2026-02-12T02:55:02Z,2026-02-12T04:05:02Z,2026-02-12T03:36:56.433Z,7,desired_replicas,monitoring_cluster,test-flask-app,default
,,1,2026-02-12T02:55:02Z,2026-02-12T04:05:02Z,2026-02-12T03:37:08.1Z,7,desired_replicas,monitoring_cluster,test-flask-app,default
,,1,2026-02-12T02:55:02Z,2026-02-12T04:05:02Z,2026-02-12T03:37:19.767Z,7,desired_replicas,monitoring_cluster,test-flask-app,default
,,1,2026-02-12T02:55:02Z,2026-02-12T04:05:02Z,2026-02-12T03:37:31.434Z,7,desired_replicas,monitoring_cluster,test-flask-app,default
,,1,2026-02-12T02:55:02Z,2026-02-12T04:05:02Z,2026-02-12T03:37:43.101Z,7,desired_replicas,monitoring_cluster,test-flask-app,default
,,1,2026-02-12T02:55:02Z,2026-02-12T04:05:02Z,2026-02-12T03:37:54.768Z,7,desired_replicas,monitoring_cluster,test-flask-app,default
,,1,2026-02-12T02:55:02Z,2026-02-12T04:05:02Z,2026-02-12T03:38:06.435Z,7,desired_replicas,monitoring_cluster,test-flask-app,default
,,1,2026-02-12T02:55:02Z,2026-02-12T04:05:02Z,2026-02-12T03:38:18.102Z,7,desired_replicas,monitoring_cluster,test-flask-app,default
,,1,2026-02-12T02:55:02Z,2026-02-12T04:05:02Z,2026-02-12T03:38:29.769Z,7,desired_replicas,monitoring_cluster,test-flask-app,default
,,1,2026-02-12T02:55:02Z,2026-02-12T04:05:02Z,2026-02-12T03:38:41.436Z,7,desired_replicas,monitoring_cluster,test-flask-app,default
,,1,2026-02-12T02:55:02Z,2026-02-12T04:05:02Z,2026-02-12T03:38:53.103Z,2,desired_replicas,monitoring_cluster,test-flask-app,default
,,1,2026-02-12T02:55:02Z,2026-02-12T04:05:02Z,2026-02-12T03:39:04.77Z,2,desired_replicas,monitoring_cluster,test-flask-app,default
,,1,2026-02-12T02:55:02Z,2026-02-12T04:05:02Z,2026-02-12T03:39:16.437Z,2,desired_replicas,monitoring_cluster,test-flask-app,default
,,1,2026-02-12T02:55:02Z,2026-02-12T04:05:02Z,2026-02-12T03:39:28.104Z,2,desired_replicas,monitoring_cluster,test-flask-app,default
,,1,2026-02-12T02:55:02Z,2026-02-12T04:05:02Z,2026-02-12T03:39:39.771Z,2,desired_replicas,monitoring_cluster,test-flask-app,default
,,1,2026-02-12T02:55:02Z,2026-02-12T04:05:02Z,2026-02-12T03:39:51.438Z,2,desired_replicas,monitoring_cluster,test-flask-app,default
,,1,2026-02-12T02:55:02Z,2026-02-12T04:05:02Z,2026-02-12T03:40:03.105Z,2,desired_replicas,monitoring_cluster,test-flask-app,default
,,1,2026-02-12T02:55:02Z,2026-02-12T04:05:02Z,2026-02-12T03:40:14.772Z,2,desired_replicas,monitoring_cluster,test-flask-app,default
,,1,2026-02-12T02:55:02Z,2026-02-12T04:05:02Z,2026-02-12T03:40:26.439Z,2,desired_replicas,monitoring_cluster,test-flask-app,default
,,1,2026-02-12T02:55:02Z,2026-02-12T04:05:02Z,2026-02-12T03:40:38.106Z,2,desired_replicas,monitoring_cluster,test-flask-app,default
,,1,2026-02-12T02:55:02Z,2026-02-12T04:05:02Z,2026-02-12T03:40:49.773Z,2,desired_replicas,monitoring_cluster,test-flask-app,default
,,1,2026-02-12T02:55:02Z,2026-02-12T04:05:02Z,2026-02-12T03:41:01.44Z,2,desired_replicas,monitoring_cluster,test-flask-app,default
,,1,2026-02-12T02:55:02Z,2026-02-12T04:05:02Z,2026-02-12T03:41:13.107Z,2,desired_replicas,monitoring_cluster,test-flask-app,default
,,1,2026-02-12T02:55:02Z,2026-02-12T04:05:02Z,2026-02-12T03:41:24.774Z,2,desired_replicas,monitoring_cluster,test-flask-app,default
,,1,2026-02-12T02:55:02Z,2026-02-12T04:05:02Z,2026-02-12T03:41:36.441Z,2,desired_replicas,monitoring_cluster,test-flask-app,default
,,1,2026-02-12T02:55:02Z,2026-02-12T04:05:02Z,2026-02-12T03:41:48.108Z,2,desired_replicas,monitoring_cluster,test-flask-app,default
,,1,2026-02-12T02:55:02Z,2026-02-12T04:05:02Z,2026-02-12T03:41:59.775Z,2,desired_replicas,monitoring_cluster,test-flask-app,default
,,1,2026-02-12T02:55:02Z,2026-02-12T04:05:02Z,2026-02-12T03:42:11.442Z,2,desired_replicas,monitoring_cluster,test-flask-app,default
,,1,2026-02-12T02:55:02Z,2026-02-12T04:05:02Z,2026-02-12T03:42:23.109Z,2,desired_replicas,monitoring_cluster,test-flask-app,default
,,1,2026-02-12T02:55:02Z,2026-02-12T04:05:02Z,2026-02-12T03:42:34.776Z,2,desired_replicas,monitoring_cluster,test-flask-app,default
,,1,2026-02-12T02:55:02Z,2026-02-12T04:05:02Z,2026-02-12T03:42:46.443Z,2,desired_replicas,monitoring_cluster,test-flask-app,default
,,1,2026-02-12T02:55:02Z,2026-02-12T04:05:02Z,2026-02-12T03:42:58.11Z,7,desired_replicas,monitoring_cluster,test-flask-app,default
,,1,2026-02-12T02:55:02Z,2026-02-12T04:05:02Z,2026-02-12T03:43:09.777Z,7,desired_replicas,monitoring_cluster,test-flask-app,default
,,1,2026-02-12T02:55:02Z,2026-02-12T04:05:02Z,2026-02-12T03:43:21.444Z,7,desired_replicas,monitoring_cluster,test-flask-app,default
,,1,2026-02-12T02:55:02Z,2026-02-12T04:05:02Z,2026-02-12T03:43:33.111Z,7,desired_replicas,monitoring_cluster,test-flask-app,default
,,1,2026-02-12T02:55:02Z,2026-02-12T04:05:02Z,2026-02-12T03:43:44.778Z,7,desired_replicas,monitoring_cluster,test-flask-app,default
,,1,2026-02-12T02:55:02Z,2026-02-12T04:05:02Z,2026-02-12T03:43:56.445Z,7,desired_replicas,monitoring_cluster,test-flask-app,default
,,1,2026-02-12T02:55:02Z,2026-02-12T04:05:02Z,2026-02-12T03:44:08.112Z,7,desired_replicas,monitoring_cluster,test-flask-app,default
,,1,2026-02-12T02:55:02Z,2026-02-12T04:05:02Z,2026-02-12T03:44:19.779Z,7,desired_replicas,monitoring_cluster,test-flask-app,default
,,1,2026-02-12T02:55:02Z,2026-02-12T04:05:02Z,2026-02-12T03:44:31.446Z,7,desired_replicas,monitoring_cluster,test-flask-app,default
,,1,2026-02-12T02:55:02Z,2026-02-12T04:05:02Z,2026-02-12T03:44:43.113Z,7,desired_replicas,monitoring_cluster,test-flask-app,default
,,1,2026-02-12T02:55:02Z,2026-02-12T04:05:02Z,2026-02-12T03:44:54.78Z,7,desired_replicas,monitoring_cluster,test-flask-app,default
,,1,2026-02-12T02:55:02Z,2026-02-12T04:05:02Z,2026-02-12T03:45:06.447Z,7,desired_replicas,monitoring_cluster,test-flask-app,default
,,1,2026-02-12T02:55:02Z,2026-02-12T04:05:02Z,2026-02-12T03:45:18.114Z,7,desired_replicas,monitoring_cluster,test-flask-app,default
,,1,2026-02-12T02:55:02Z,2026-02-12T04:05:02Z,2026-02-12T03:45:29.781Z,4,desired_replicas,monitoring_cluster,test-flask-app,default
,,1,2026-02-12T02:55:02Z,2026-02-12T04:05:02Z,2026-02-12T03:45:41.448Z,4,desired_replicas,monitoring_cluster,test-flask-app,default
,,1,2026-02-12T02:55:02Z,2026-02-12T04:05:02Z,2026-02-12T03:45:53.115Z,4,desired_replicas,monitoring_cluster,test-flask-app,default
,,1,2026-02-12T02:55:02Z,2026-02-12T04:05:02Z,2026-02-12T03:46:04.782Z,4,desired_replicas,monitoring_cluster,test-flask-app,default
,,1,2026-02-12T02:55:02Z,2026-02-12T04:05:02Z,2026-02-12T03:46:16.449Z,4,desired_replicas,monitoring_cluster,test-flask-app,default
,,1,2026-02-12T02:55:02Z,2026-02-12T04:05:02Z,2026-02-12T03:46:28.116Z,4,desired_replicas,monitoring_cluster,test-flask-app,default
,,1,2026-02-12T02:55:02Z,2026-02-12T04:05:02Z,2026-02-12T03:46:39.783Z,4,desired_replicas,monitoring_cluster,test-flask-app,default
,,1,2026-02-12T02:55:02Z,2026-02-12T04:05:02Z,2026-02-12T03:46:51.45Z,4,desired_replicas,monitoring_cluster,test-flask-app,default
,,1,2026-02-12T02:55:02Z,2026-02-12T04:05:02Z,2026-02-12T03:47:03.117Z,9,desired_replicas,monitoring_cluster,test-flask-app,default
,,1,2026-02-12T02:55:02Z,2026-02-12T04:05:02Z,2026-02-12T03:47:14.784Z,9,desired_replicas,monitoring_cluster,test-flask-app,default
,,1,2026-02-12T02:55:02Z,2026-02-12T04:05:02Z,2026-02-12T03:47:26.451Z,9,desired_replicas,monitoring_cluster,test-flask-app,default
,,1,2026-02-12T02:55:02Z,2026-02-12T04:05:02Z,2026-02-12T03:47:38.118Z,9,desired_replicas,monitoring_cluster,test-flask-app,default
,,1,2026-02-12T02:55:02Z,2026-02-12T04:05:02Z,2026-02-12T03:47:49.785Z,9,desired_replicas,monitoring_cluster,test-flask-app,default
,,1,2026-02-12T02:55:02Z,2026-02-12T04:05:02Z,2026-02-12T03:48:01.452Z,9,desired_replicas,monitoring_cluster,test-flask-app,default
,,1,2026-02-12T02:55:02Z,2026-02-12T04:05:02Z,2026-02-12T03:48:13.119Z,9,desired_replicas,monitoring_cluster,test-flask-app,default
,,1,2026-02-12T02:55:02Z,2026-02-12T04:05:02Z,2026-02-12T03:48:24.786Z,9,desired_replicas,monitoring_cluster,test-flask-app,default
,,1,2026-02-12T02:55:02Z,2026-02-12T04:05:02Z,2026-02-12T03:48:36.453Z,9,desired_replicas,monitoring_cluster,test-flask-app,default
,,1,2026-02-12T02:55:02Z,2026-02-12T04:05:02Z,2026-02-12T03:48:48.12Z,6,desired_replicas,monitoring_cluster,test-flask-app,default
,,1,2026-02-12T02:55:02Z,2026-02-12T04:05:02Z,2026-02-12T03:48:59.787Z,2,desired_replicas,monitoring_cluster,test-flask-app,default
,,1,2026-02-12T02:55:02Z,2026-02-12T04:05:02Z,2026-02-12T03:49:11.454Z,2,desired_replicas,monitoring_cluster,test-flask-app,default
,,1,2026-02-12T02:55:02Z,2026-02-12T04:05:02Z,2026-02-12T03:49:23.121Z,2,desired_replicas,monitoring_cluster,test-flask-app,default
,,1,2026-02-12T02:55:02Z,2026-02-12T04:05:02Z,2026-02-12T03:49:34.788Z,2,desired_replicas,monitoring_cluster,test-flask-app,default
,,1,2026-02-12T02:55:02Z,2026-02-12T04:05:02Z,2026-02-12T03:49:46.455Z,2,desired_replicas,monitoring_cluster,test-flask-app,default
,,1,2026-02-12T02:55:02Z,2026-02-12T04:05:02Z,2026-02-12T03:49:58.122Z,2,desired_replicas,monitoring_cluster,test-flask-app,default
,,1,2026-02-12T02:55:02Z,2026-02-12T04:05:02Z,2026-02-12T03:50:09.789Z,2,desired_replicas,monitoring_cluster,test-flask-app,default
,,1,2026-02-12T02:55:02Z,2026-02-12T04:05:02Z,2026-02-12T03:50:21.456Z,2,desired_replicas,monitoring_cluster,test-flask-app,default
,,1,2026-02-12T02:55:02Z,2026-02-12T04:05:02Z,2026-02-12T03:50:33.123Z,2,desired_replicas,monitoring_cluster,test-flask-app,default
,,1,2026-02-12T02:55:02Z,2026-02-12T04:05:02Z,2026-02-12T03:50:44.79Z,2,desired_replicas,monitoring_cluster,test-flask-app,default
,,1,2026-02-12T02:55:02Z,2026-02-12T04:05:02Z,2026-02-12T03:50:56.457Z,2,desired_replicas,monitoring_cluster,test-flask-app,default
,,1,2026-02-12T02:55:02Z,2026-02-12T04:05:02Z,2026-02-12T03:51:08.124Z,2,desired_replicas,monitoring_cluster,test-flask-app,default
,,1,2026-02-12T02:55:02Z,2026-02-12T04:05:02Z,2026-02-12T03:51:19.791Z,2,desired_replicas,monitoring_cluster,test-flask-app,default
,,1,2026-02-12T02:55:02Z,2026-02-12T04:05:02Z,2026-02-12T03:51:31.458Z,2,desired_replicas,monitoring_cluster,test-flask-app,default
,,1,2026-02-12T02:55:02Z,2026-02-12T04:05:02Z,2026-02-12T03:51:43.125Z,2,desired_replicas,monitoring_cluster,test-flask-app,default
,,1,2026-02-12T02:55:02Z,2026-02-12T04:05:02Z,2026-02-12T03:51:54.792Z,2,desired_replicas,monitoring_cluster,test-flask-app,default
,,1,2026-02-12T02:55:02Z,2026-02-12T04:05:02Z,2026-02-12T03:52:06.459Z,2,desired_replicas,monitoring_cluster,test-flask-app,default
,,1,2026-02-12T02:55:02Z,2026-02-12T04:05:02Z,2026-02-12T03:52:18.126Z,2,desired_replicas,monitoring_cluster,test-flask-app,default
,,1,2026-02-12T02:55:02Z,2026-02-12T04:05:02Z,2026-02-12T03:52:29.793Z,2,desired_replicas,monitoring_cluster,test-flask-app,default
,,1,2026-02-12T02:55:02Z,2026-02-12T04:05:02Z,2026-02-12T03:52:41.46Z,2,desired_replicas,monitoring_cluster,test-flask-app,default
,,1,2026-02-12T02:55:02Z,2026-02-12T04:05:02Z,2026-02-12T03:52:53.127Z,2,desired_replicas,monitoring_cluster,test-flask-app,default
,,1,2026-02-12T02:55:02Z,2026-02-12T04:05:02Z,2026-02-12T03:53:04.794Z,2,desired_replicas,monitoring_cluster,test-flask-app,default
,,1,2026-02-12T02:55:02Z,2026-02-12T04:05:02Z,2026-02-12T03:53:16.461Z,2,desired_replicas,monitoring_cluster,test-flask-app,default
,,1,2026-02-12T02:55:02Z,2026-02-12T04:05:02Z,2026-02-12T03:53:28.128Z,2,desired_replicas,monitoring_cluster,test-flask-app,default
,,1,2026-02-12T02:55:02Z,2026-02-12T04:05:02Z,2026-02-12T03:53:39.795Z,2,desired_replicas,monitoring_cluster,test-flask-app,default
,,1,2026-02-12T02:55:02Z,2026-02-12T04:05:02Z,2026-02-12T03:53:51.462Z,2,desired_replicas,monitoring_cluster,test-flask-app,default
,,1,2026-02-12T02:55:02Z,2026-02-12T04:05:02Z,2026-02-12T03:54:03.129Z,2,desired_replicas,monitoring_cluster,test-flask-app,default
,,1,2026-02-12T02:55:02Z,2026-02-12T04:05:02Z,2026-02-12T03:54:14.796Z,2,desired_replicas,monitoring_cluster,test-flask-app,default
,,1,2026-02-12T02:55:02Z,2026-02-12T04:05:02Z,2026-02-12T03:54:26.463Z,2,desired_replicas,monitoring_cluster,test-flask-app,default
,,1,2026-02-12T02:55:02Z,2026-02-12T04:05:02Z,2026-02-12T03:54:38.13Z,2,desired_replicas,monitoring_cluster,test-flask-app,default
,,1,2026-02-12T02:55:02Z,2026-02-12T04:05:02Z,2026-02-12T03:54:49.797Z,2,desired_replicas,monitoring_cluster,test-flask-app,default
,,1,2026-02-12T02:55:02Z,2026-02-12T04:05:02Z,2026-02-12T03:55:01.464Z,2,desired_replicas,monitoring_cluster,test-flask-app,default
,,1,2026-02-12T02:55:02Z,2026-02-12T04:05:02Z,2026-02-12T03:55:13.131Z,2,desired_replicas,monitoring_cluster,test-flask-app,default
,,1,2026-02-12T02:55:02Z,2026-02-12T04:05:02Z,2026-02-12T03:55:24.798Z,2,desired_replicas,monitoring_cluster,test-flask-app,default
,,1,2026-02-12T02:55:02Z,2026-02-12T04:05:02Z,2026-02-12T03:55:36.465Z,2,desired_replicas,monitoring_cluster,test-flask-app,default
,,1,2026-02-12T02:55:02Z,2026-02-12T04:05:02Z,2026-02-12T03:55:48.132Z,2,desired_replicas,monitoring_cluster,test-flask-app,default
,,1,2026-02-12T02:55:02Z,2026-02-12T04:05:02Z,2026-02-12T03:55:59.799Z,2,desired_replicas,monitoring_cluster,test-flask-app,default
,,1,2026-02-12T02:55:02Z,2026-02-12T04:05:02Z,2026-02-12T03:56:11.466Z,2,desired_replicas,monitoring_cluster,test-flask-app,default
,,1,2026-02-12T02:55:02Z,2026-02-12T04:05:02Z,2026-02-12T03:56:23.133Z,2,desired_replicas,monitoring_cluster,test-flask-app,default
,,1,2026-02-12T02:55:02Z,2026-02-12T04:05:02Z,2026-02-12T03:56:34.8Z,2,desired_replicas,monitoring_cluster,test-flask-app,default
,,1,2026-02-12T02:55:02Z,2026-02-12T04:05:02Z,2026-02-12T03:56:46.467Z,2,desired_replicas,monitoring_cluster,test-flask-app,default
,,1,2026-02-12T02:55:02Z,2026-02-12T04:05:02Z,2026-02-12T03:56:58.134Z,2,desired_replicas,monitoring_cluster,test-flask-app,default
,,1,2026-02-12T02:55:02Z,2026-02-12T04:05:02Z,2026-02-12T03:57:09.801Z,2,desired_replicas,monitoring_cluster,test-flask-app,default
,,1,2026-02-12T02:55:02Z,2026-02-12T04:05:02Z,2026-02-12T03:57:21.468Z,2,desired_replicas,monitoring_cluster,test-flask-app,default
,,1,2026-02-12T02:55:02Z,2026-02-12T04:05:02Z,2026-02-12T03:57:33.135Z,2,desired_replicas,monitoring_cluster,test-flask-app,default
,,1,2026-02-12T02:55:02Z,2026-02-12T04:05:02Z,2026-02-12T03:57:44.802Z,2,desired_replicas,monitoring_cluster,test-flask-app,default
,,1,2026-02-12T02:55:02Z,2026-02-12T04:05:02Z,2026-02-12T03:57:56.469Z,2,desired_replicas,monitoring_cluster,test-flask-app,default
,,1,2026-02-12T02:55:02Z,2026-02-12T04:05:02Z,2026-02-12T03:58:08.136Z,2,desired_replicas,monitoring_cluster,test-flask-app,default
,,1,2026-02-12T02:55:02Z,2026-02-12T04:05:02Z,2026-02-12T03:58:19.803Z,2,desired_replicas,monitoring_cluster,test-flask-app,default
,,1,2026-02-12T02:55:02Z,2026-02-12T04:05:02Z,2026-02-12T03:58:31.47Z,2,desired_replicas,monitoring_cluster,test-flask-app,default
,,1,2026-02-12T02:55:02Z,2026-02-12T04:05:02Z,2026-02-12T03:58:43.137Z,2,desired_replicas,monitoring_cluster,test-flask-app,default
,,1,2026-02-12T02:55:02Z,2026-02-12T04:05:02Z,2026-02-12T03:58:54.804Z,2,desired_replicas,monitoring_cluster,test-flask-app,default
,,1,2026-02-12T02:55:02Z,2026-02-12T04:05:02Z,2026-02-12T03:59:06.471Z,2,desired_replicas,monitoring_cluster,test-flask-app,default
,,1,2026-02-12T02:55:02Z,2026-02-12T04:05:02Z,2026-02-12T03:59:18.138Z,2,desired_replicas,monitoring_cluster,test-flask-app,default
,,1,2026-02-12T02:55:02Z,2026-02-12T04:05:02Z,2026-02-12T03:59:29.805Z,2,desired_replicas,monitoring_cluster,test-flask-app,default
,,1,2026-02-12T02:55:02Z,2026-02-12T04:05:02Z,2026-02-12T03:59:41.472Z,2,desired_replicas,monitoring_cluster,test-flask-app,default
,,1,2026-02-12T02:55:02Z,2026-02-12T04:05:02Z,2026-02-12T03:59:53.139Z,2,desired_replicas,monitoring_cluster,test-flask-app,default
,,1,2026-02-12T02:55:02Z,2026-02-12T04:05:02Z,2026-02-12T04:00:04.806Z,2,desired_replicas,monitoring_cluster,test-flask-app,default
,,1,2026-02-12T02:55:02Z,2026-02-12T04:05:02Z,2026-02-12T04:00:16.473Z,2,desired_replicas,monitoring_cluster,test-flask-app,default
,,1,2026-02-12T02:55:02Z,2026-02-12T04:05:02Z,2026-02-12T04:00:28.14Z,2,desired_replicas,monitoring_cluster,test-flask-app,default
,,1,2026-02-12T02:55:02Z,2026-02-12T04:05:02Z,2026-02-12T04:00:39.807Z,2,desired_replicas,monitoring_cluster,test-flask-app,default
,,1,2026-02-12T02:55:02Z,2026-02-12T04:05:02Z,2026-02-12T04:00:51.474Z,2,desired_replicas,monitoring_cluster,test-flask-app,default
,,1,2026-02-12T02:55:02Z,2026-02-12T04:05:02Z,2026-02-12T04:01:03.141Z,2,desired_replicas,monitoring_cluster,test-flask-app,default
,,1,2026-02-12T02:55:02Z,2026-02-12T04:05:02Z,2026-02-12T04:01:14.808Z,2,desired_replicas,monitoring_cluster,test-flask-app,default
,,1,2026-02-12T02:55:02Z,2026-02-12T04:05:02Z,2026-02-12T04:01:26.475Z,2,desired_replicas,monitoring_cluster,test-flask-app,default
,,1,2026-02-12T02:55:02Z,2026-02-12T04:05:02Z,2026-02-12T04:01:38.142Z,2,desired_replicas,monitoring_cluster,test-flask-app,default
,,1,2026-02-12T02:55:02Z,2026-02-12T04:05:02Z,2026-02-12T04:01:49.809Z,1,desired_replicas,monitoring_cluster,test-flask-app,default
,,1,2026-02-12T02:55:02Z,2026-02-12T04:05:02Z,2026-02-12T04:02:01.476Z,1,desired_replicas,monitoring_cluster,test-flask-app,default
,,1,2026-02-12T02:55:02Z,2026-02-12T04:05:02Z,2026-02-12T04:02:13.143Z,1,desired_replicas,monitoring_cluster,test-flask-app,default
,,1,2026-02-12T02:55:02Z,2026-02-12T04:05:02Z,2026-02-12T04:02:24.81Z,1,desired_replicas,monitoring_cluster,test-flask-app,default
,,1,2026-02-12T02:55:02Z,2026-02-12T04:05:02Z,2026-02-12T04:02:36.477Z,1,desired_replicas,monitoring_cluster,test-flask-app,default
,,1,2026-02-12T02:55:02Z,2026-02-12T04:05:02Z,2026-02-12T04:02:48.144Z,1,desired_replicas,monitoring_cluster,test-flask-app,default
,,1,2026-02-12T02:55:02Z,2026-02-12T04:05:02Z,2026-02-12T04:02:59.811Z,1,desired_replicas,monitoring_cluster,test-flask-app,default
,,1,2026-02-12T02:55:02Z,2026-02-12T04:05:02Z,2026-02-12T04:03:11.478Z,1,desired_replicas,monitoring_cluster,test-flask-app,default
,,1,2026-02-12T02:55:02Z,2026-02-12T04:05:02Z,2026-02-12T04:03:23.145Z,1,desired_replicas,monitoring_cluster,test-flask-app,default
,,1,2026-02-12T02:55:02Z,2026-02-12T04:05:02Z,2026-02-12T04:03:34.812Z,1,desired_replicas,monitoring_cluster,test-flask-app,default
,,1,2026-02-12T02:55:02Z,2026-02-12T04:05:02Z,2026-02-12T04:03:46.479Z,1,desired_replicas,monitoring_cluster,test-flask-app,default
,,1,2026-02-12T02:55:02Z,2026-02-12T04:05:02Z,2026-02-12T04:03:58.146Z,1,desired_replicas,monitoring_cluster,test-flask-app,default
,,1,2026-02-12T02:55:02Z,2026-02-12T04:05:02Z,2026-02-12T04:04:09.813Z,1,desired_replicas,monitoring_cluster,test-flask-app,default

